patient_id,backbone,theta_B1,theta_B2,theta_B3,n_source_switches
P001,B2,0.0067078261715558555,0.716450495965671,0.27684167786277303,0
P002,B1,0.807691711005635,0.10247793197160868,0.0898303570227563,0
P003,B3,0.0245341812797216,0.17842030147526372,0.7970455172450147,0
P004,B1,0.66618704230571,0.16021585251062023,0.17359710518366966,1
P005,B3,0.20066836984931488,0.10206608752981006,0.697265542620875,0
P006,B1,0.3083180528282627,0.6744869632352305,0.017194983936506817,1
P007,B2,0.004928837227654035,0.9253922302640887,0.0696789325082573,0
P008,B1,0.8502804156740597,0.041512074465088936,0.10820750986085144,2
P009,B1,0.8814039000734074,0.07289842591927746,0.04569767400731516,0
P010,B1,0.8596097316891592,0.0826466705105343,0.05774359780030644,0
P011,B3,0.017272145052607494,0.04507998647627334,0.9376478684711191,0
P012,B1,0.48747449876130244,0.07058162177961516,0.4419438794590825,1
P013,B2,0.052924772130826254,0.9139162668799926,0.03315896098918113,0
P014,B2,0.08327714881762172,0.8911352693666231,0.02558758181575507,2
P015,B3,0.11884186987801836,0.06283761950818058,0.8183205106138011,0
P016,B3,0.22880022362692723,0.043995581179205295,0.7272041951938675,2
P017,B2,0.12772713473423936,0.8072983531143522,0.0649745121514085,0
P018,B1,0.7810354553787212,0.18643808484424781,0.03252645977703095,0
P019,B1,0.8549505581496247,0.14410876960426217,0.0009406722461130211,1
P020,B2,0.134091604344939,0.7728850547638334,0.09302334089122752,0
P021,B2,0.024484922785960376,0.8878087065162003,0.08770637069783936,1
P022,B1,0.9806626123761161,0.015759620907950085,0.003577766715933846,0
P023,B1,0.6257127675924201,0.05620237879893028,0.31808485360864963,1
P024,B2,0.2380138138036133,0.6902454198923511,0.0717407663040356,0
P025,B3,0.17801418503004468,0.02569877118340471,0.7962870437865506,1
P026,B2,0.02609696496410607,0.7007819030964498,0.27312113193944415,2
P027,B1,0.8135224314950734,0.04145676034713458,0.14502080815779197,0
P028,B3,0.08690079921028218,0.21831125171113155,0.6947879490785862,0
P029,B1,0.5671452949814116,0.1746302168794226,0.2582244881391657,0
P030,B3,0.11182750788903954,0.17934357917371993,0.7088289129372405,0
P031,B3,0.017247634863041525,0.164003184613493,0.8187491805234655,0
P032,B2,0.04873631903752535,0.5145527175267842,0.43671096343569044,1
P033,B2,0.12052280742755278,0.846349327358269,0.03312786521417833,1
P034,B3,0.18334513010953885,0.01130981478288607,0.805345055107575,1
P035,B2,0.0503914095753727,0.8852713609858808,0.06433722943874658,1
P036,B3,0.3242454924372898,0.047180612432604456,0.6285738951301058,1
P037,B1,0.7525943803601516,0.07481142544228717,0.17259419419756133,0
P038,B2,0.04173719566224377,0.7727708321260862,0.1854919722116699,2
P039,B2,0.09370763437779246,0.8262251165422748,0.08006724907993266,1
P040,B2,0.031198933971965992,0.6909790000735704,0.2778220659544637,1
P041,B2,0.29682766720859155,0.39861336791070107,0.3045589648807074,1
P042,B3,0.10211387191249802,0.1322235075518065,0.7656626205356954,0
P043,B2,0.12495591331683852,0.6357294606511078,0.23931462603205372,1
P044,B1,0.6381105458084847,0.16176447506002709,0.2001249791314883,1
P045,B2,0.3174357893569189,0.4782129287708386,0.20435128187224247,0
P046,B2,0.06398576050148821,0.9087666727490215,0.02724756674949029,0
P047,B1,0.6518202934539903,0.29282107487365683,0.05535863167235285,2
P048,B2,0.16579030803379768,0.8223628028035804,0.011846889162621967,1
P049,B2,0.10724309332704095,0.8602445516822143,0.03251235499074476,0
P050,B1,0.6878189173405552,0.24263314568728941,0.06954793697215529,1
P051,B1,0.8573649218551105,0.0454780414300063,0.09715703671488325,0
P052,B2,0.037675916104382645,0.9322559019187114,0.030068181976905903,0
P053,B2,0.45324711196729744,0.4943288354874289,0.05242405254527362,0
P054,B2,0.20668594782420732,0.59133255428894,0.20198149788685266,1
P055,B2,0.10356204443537828,0.892820285236382,0.0036176703282397135,1
P056,B2,0.023777528022472797,0.7156876232512762,0.260534848726251,0
P057,B2,0.10763261782273331,0.7381404688162553,0.1542269133610113,1
P058,B1,0.5698119716945321,0.38971470366398786,0.04047332464147997,2
P059,B1,0.6374482551691575,0.16206139055671245,0.20049035427413006,1
P060,B2,0.04268275264835352,0.9465767254527216,0.010740521898924759,0
P061,B3,0.036642805133350664,0.083150775929376,0.8802064189372734,0
P062,B2,0.137478696055248,0.731884347195824,0.13063695674892797,1
P063,B2,0.08811948332991293,0.77332260251586,0.138557914154227,2
P064,B1,0.8212105929545993,0.06610994085926362,0.1126794661861371,0
P065,B2,0.04290160380093814,0.9277177362322809,0.029380659966780794,0
P066,B1,0.69056491903797,0.1142892709630708,0.1951458099989592,1
P067,B1,0.781920077453617,0.09262288446377466,0.12545703808260822,2
P068,B2,0.10582359787045151,0.5824594192335263,0.3117169828960222,1
P069,B1,0.751975150389157,0.11156376173719129,0.13646108787365177,0
P070,B1,0.8600321844594127,0.015544381836332338,0.12442343370425495,1
P071,B3,0.19404378950535037,0.15036664226740823,0.6555895682272415,2
P072,B3,0.002323350689618566,0.13041916226399627,0.8672574870463852,0
P073,B1,0.6195255083527559,0.0629140232904657,0.31756046835677837,2
P074,B2,0.0870569361864932,0.8233504066884673,0.08959265712503944,2
P075,B1,0.46239384431148733,0.025595855574402516,0.5120103001141102,2
P076,B1,0.9026308965638575,0.009909821422216303,0.08745928201392617,0
P077,B2,0.19419330478122546,0.6342318048771166,0.17157489034165796,0
P078,B2,0.04103415189283275,0.9301603638154126,0.028805484291754696,0
P079,B2,0.27779809283302703,0.6612465347081032,0.060955372458869825,0
P080,B3,0.07785723473007043,0.1503840572997181,0.7717587079702114,1
P081,B1,0.6913115324674777,0.15470748145633778,0.15398098607618463,0
P082,B2,0.06815566887695976,0.8484794926417794,0.08336483848126092,2
P083,B3,0.01349613965528374,0.006504206434207734,0.9799996539105085,0
P084,B2,0.09284223665346977,0.7064974901890722,0.20066027315745805,1
P085,B1,0.7940935441644964,0.15150541292750197,0.05440104290800156,1
P086,B2,0.1506733350945829,0.6117055674603576,0.23762109744505944,1
P087,B2,0.049042575317447545,0.9325740018085861,0.018383422873966392,0
P088,B3,0.08857078538923761,0.08183275998528328,0.8295964546254792,0
P089,B1,0.7261452254870913,0.10104523302486038,0.17280954148804836,0
P090,B1,0.8391108703631592,0.09196295055039813,0.06892617908644262,2
P091,B3,0.05764799496533526,0.036962770861205786,0.905389234173459,1
P092,B1,0.726155800937076,0.17851014871900353,0.09533405034392042,0
P093,B2,0.09669815779343387,0.8710091367414395,0.03229270546512658,0
P094,B2,0.008667434259326944,0.8016063035906061,0.18972626215006688,0
P095,B1,0.9412422068340076,0.025264257898528732,0.033493535267463716,0
P096,B3,0.15334152849315463,0.36975617635897845,0.476902295147867,1
P097,B3,0.05254227961004695,0.23412677392571382,0.7133309464642392,1
P098,B1,0.8318632552354909,0.017173369658387193,0.150963375106122,1
P099,B2,0.3613672997035604,0.6270519769507845,0.011580723345654992,1
P100,B2,0.15131384397816378,0.7390114551098219,0.10967470091201442,0
P101,B2,0.01686619891546669,0.809738181578963,0.1733956195055703,2
P102,B1,0.7796905415730544,0.20651359693820165,0.013795861488744012,0
P103,B1,0.7584691492779669,0.05124265801776657,0.19028819270426658,1
P104,B1,0.9734600599992805,0.018045051136181246,0.008494888864538188,0
P105,B2,0.03251472594432575,0.9659770428028299,0.0015082312528442142,0
P106,B3,0.02061746098946538,0.006958217432536112,0.9724243215779986,0
P107,B1,0.9304311288899212,0.0167966368737709,0.052772234236307884,0
P108,B1,0.8828030638991048,0.10823015004309113,0.008966786057804077,0
P109,B1,0.6667019186972969,0.15662669830723935,0.17667138299546378,1
P110,B2,0.108876039074371,0.8758340249731946,0.015289935952434408,1
P111,B1,0.5666025460924818,0.2761006993236016,0.15729675458391656,2
P112,B1,0.7726254770203541,0.0391497444402378,0.18822477853940814,0
P113,B2,0.045705254931288734,0.6877157937068735,0.26657895136183773,1
P114,B1,0.7264401577043312,0.26647086336830733,0.007088978927361401,0
P115,B1,0.47874335240145394,0.28629293614942564,0.23496371144912048,0
P116,B2,0.06061793658156094,0.8229886759678007,0.11639338745063837,0
P117,B2,0.395054135009252,0.5928082431698476,0.012137621820900413,0
P118,B3,0.1967756947721706,0.05188276914172406,0.7513415360861053,0
P119,B2,0.17685279727050818,0.6151382048696323,0.20800899785985946,1
P120,B1,0.8876388455615869,0.014489743148480562,0.09787141128993256,0
P121,B3,0.16547903680042056,0.10465192777595006,0.7298690354236294,1
P122,B1,0.7309725277593502,0.11954282539446424,0.14948464684618554,0
P123,B2,0.20974376198624062,0.5240121606375863,0.26624407737617306,1
P124,B2,0.13312620853521903,0.8290396244828739,0.037834166981907086,0
P125,B1,0.7040568823734793,0.11983872175126557,0.17610439587525523,2
P126,B2,0.0009264907320988379,0.7680491236067386,0.23102438566116257,0
P127,B1,0.6510613096366961,0.14245795994136126,0.20648073042194273,0
P128,B1,0.993688363852166,0.0029707209501252676,0.0033409151977087576,0
P129,B1,0.6571148396969261,0.19810052604608006,0.14478463425699387,1
P130,B1,0.5459289180810216,0.13756937521674767,0.31650170670223066,2
P131,B2,0.11853929422460399,0.7225633184558906,0.15889738731950545,0
P132,B2,0.09914753465796013,0.6469970893347643,0.25385537600727565,1
P133,B1,0.8611378626586661,0.04530193418162621,0.09356020315970782,0
P134,B3,0.10254442565215553,0.07152500411957764,0.8259305702282669,0
P135,B1,0.8636743162441888,0.07261242343737843,0.06371326031843275,0
P136,B2,0.04842082426380896,0.6910325355020139,0.260546640234177,1
P137,B1,0.7482046957776023,0.15734352697583392,0.09445177724656385,0
P138,B3,0.01636279455603074,0.05141023142889053,0.9322269740150787,0
P139,B1,0.7842939137253485,0.07365045233959602,0.14205563393505544,0
P140,B1,0.7317606650207092,0.014373329934820581,0.25386600504447016,0
P141,B1,0.7038527171919197,0.27687903856404145,0.01926824424403887,1
P142,B3,0.05425097321310921,0.23937878794432252,0.7063702388425682,0
P143,B2,0.16258745276545825,0.6397689086670473,0.19764363856749442,1
P144,B1,0.654419296351685,0.128930875610123,0.21664982803819202,2
P145,B2,0.02324752591338261,0.9504969657300462,0.026255508356571262,0
P146,B1,0.7190893235715812,0.08516342578125727,0.1957472506471616,1
P147,B1,0.7472525826414786,0.11034236371629097,0.14240505364223033,2
P148,B2,0.33293226815975097,0.5853687680407507,0.08169896379949834,2
P149,B3,0.008600683755232005,0.020343340342311098,0.9710559759024568,0
P150,B1,0.9324577762093156,0.02996399555494134,0.037578228235743014,0
P151,B1,0.8131657982735446,0.0463853156823614,0.140448886044094,0
P152,B2,0.17965045865657966,0.779000789898654,0.041348751444766324,1
P153,B2,0.03238359996621918,0.8454239416863142,0.12219245834746653,0
P154,B1,0.7124601935548381,0.2099074138014059,0.0776323926437559,2
P155,B1,0.823132633798422,0.16265806931958335,0.014209296881994578,0
P156,B1,0.6834488452745727,0.25742761652441987,0.05912353820100733,1
P157,B1,0.5379308445453153,0.331540185178957,0.13052897027572777,1
P158,B2,0.059961801164666005,0.8577713356278688,0.0822668632074652,0
P159,B2,0.0009284356766817384,0.958017628511669,0.04105393581164917,0
P160,B1,0.9093031436508477,0.0023781629625402845,0.08831869338661191,0
P161,B3,0.17244763817136177,0.1985834128475697,0.6289689489810686,1
P162,B2,0.05114780986996327,0.8769935406818532,0.07185864944818346,0
P163,B1,0.8410865109906688,0.13719751891078955,0.0217159700985417,0
P164,B1,0.7744752546011126,0.01817254220892791,0.20735220318995948,0
P165,B3,0.10357139086105623,0.11983795349934803,0.7765906556395957,0
P166,B2,0.15845709285030618,0.7966456672764878,0.044897239873206075,0
P167,B2,0.016283860814967004,0.8988406792922451,0.08487545989278786,0
P168,B1,0.7123028195382828,0.2190198258672873,0.06867735459442986,2
P169,B1,0.8604975601620952,0.11999037908986289,0.019512060748041928,0
P170,B3,0.07270522578810534,0.13594986038485044,0.7913449138270442,0
P171,B2,0.04581076483765906,0.885243838539761,0.06894539662258,0
P172,B1,0.7928351147395862,0.10619894433927536,0.10096594092113835,0
P173,B3,0.14225888027610034,0.13366332503321002,0.7240777946906897,1
P174,B2,0.23609660124396897,0.6963872818396809,0.06751611691635019,0
P175,B1,0.7951385924742147,0.13490290101026742,0.06995850651551785,1
P176,B2,0.24322361254484243,0.7108387230817083,0.045937664373449365,0
P177,B2,0.007353521111109764,0.6740416543078328,0.3186048245810574,1
P178,B2,0.12796361669810133,0.651513928030617,0.2205224552712817,0
P179,B1,0.6689010563060265,0.02215250508704925,0.3089464386069242,1
P180,B1,0.7738769020930074,0.12074428766110153,0.10537881024589107,0
P181,B1,0.9223778619997218,0.031883161984969544,0.04573897601530868,0
P182,B1,0.8711451863169334,0.10794173783955932,0.020913075843507253,0
P183,B2,0.16632574192794286,0.6472337484696392,0.1864405096024179,2
P184,B1,0.9196241927724145,0.043451076397856586,0.03692473082972897,0
P185,B2,0.056043585269519934,0.7989755006403036,0.14498091409017647,1
P186,B1,0.8411672423999587,0.14998885859120298,0.008843899008838271,2
P187,B2,0.022105860610147236,0.9226627446715733,0.055231394718279515,0
P188,B2,0.04534019128016958,0.8350088936125204,0.11965091510731012,0
P189,B3,0.0772951145117002,0.19047295848542295,0.7322319270028768,1
P190,B3,0.010397622358049415,0.035017980726988765,0.9545843969149619,0
P191,B2,0.12208601244673857,0.7154772935990411,0.16243669395422036,1
P192,B1,0.6115176226404629,0.34367602310843304,0.044806354251104005,1
P193,B2,0.3913461946998519,0.5213481997975502,0.08730560550259786,1
P194,B2,0.35818823586973014,0.47216789355717564,0.1696438705730943,2
P195,B3,0.2541114529025212,0.1578108017637697,0.5880777453337092,1
P196,B2,0.018861308298847926,0.8290694512537483,0.1520692404474037,2
P197,B1,0.8413488591805164,0.01337145768329388,0.14527968313618972,2
P198,B2,0.20658545607954895,0.5503044572543954,0.24311008666605563,0
P199,B2,0.014242876773895994,0.8281568337051916,0.1576002895209124,0
P200,B1,0.9031508414934192,0.03828939982425267,0.058559758682328204,1
P201,B1,0.874874156619095,0.05520827047898005,0.069917572901925,0
P202,B2,0.06885906126235587,0.8598894934606617,0.07125144527698246,0
P203,B2,0.016391745067025346,0.7659426632748962,0.21766559165807842,1
P204,B2,0.07392683493788474,0.9201594078061051,0.005913757256010285,0
P205,B1,0.6613956291065227,0.03445949995308895,0.30414487094038845,1
P206,B2,0.031538687333694256,0.6557610325682985,0.31270028009800716,2
P207,B3,0.12373630084585946,0.060901790114378664,0.8153619090397619,2
P208,B1,0.9825269649747879,0.006786218811796933,0.010686816213415185,0
P209,B3,0.11617342879922879,0.03181206307119295,0.8520145081295782,1
P210,B1,0.8213717441768487,0.018255372334098033,0.16037288348905324,0
P211,B1,0.914368455909619,0.0736393273304029,0.011992216759978117,0
P212,B2,0.03854394618106589,0.9482752497670525,0.013180804051881673,0
P213,B2,0.37747026768306063,0.38334683665889907,0.23918289565804024,2
P214,B3,0.09059386130633233,0.2777601418190776,0.6316459968745901,0
P215,B2,0.15453001071521355,0.7038175164795091,0.1416524728052774,0
P216,B2,0.2560030185487132,0.7033385027569592,0.040658478694327545,2
P217,B2,0.06386359329562313,0.652989977582858,0.2831464291215188,0
P218,B3,0.09787572752934162,0.06516336336146036,0.8369609091091981,0
P219,B1,0.8791424260740995,0.05158602235958622,0.06927155156631427,0
P220,B1,0.8708810968232866,0.12129736339439476,0.007821539782318643,2
P221,B1,0.5833829450816257,0.20098648241670738,0.21563057250166695,2
P222,B3,0.1947451966796775,0.0898362564245579,0.7154185468957646,0
P223,B2,0.10968912198247749,0.7906082507785529,0.09970262723896962,0
P224,B2,0.06970275124444293,0.8726641011853635,0.057633147570193485,1
P225,B1,0.845120885314229,0.07857351113720167,0.0763056035485694,0
P226,B3,0.09699961815062537,0.10416922615858726,0.7988311556907873,0
P227,B3,0.10774964227140478,0.02581472426784242,0.8664356334607528,1
P228,B1,0.7766918686017235,0.052124663502117655,0.1711834678961588,0
P229,B1,0.8820639302377833,0.11214660833618725,0.005789461426029451,0
P230,B3,0.3017924469945775,0.03951773135308143,0.658689821652341,1
P231,B3,0.311882695975746,0.08524806042200458,0.6028692436022492,0
P232,B1,0.7121682438274756,0.19004327753910216,0.09778847863342238,0
P233,B2,0.143668396228903,0.818089115906075,0.03824248786502185,0
P234,B1,0.8273710598530634,0.08194604334541633,0.09068289680152035,0
P235,B3,0.17415373762607,0.06602146782571154,0.7598247945482184,0
P236,B2,0.24103694188149824,0.7379685538735288,0.02099450424497299,2
P237,B2,0.0058195896197766085,0.6906569455778208,0.3035234648024027,1
P238,B1,0.8019487827757839,0.13546096239771235,0.06259025482650378,0
P239,B2,0.09829098856287613,0.786171668039789,0.11553734339733476,0
P240,B1,0.64484832502812,0.16165249880450405,0.19349917616737602,1
P241,B3,0.15935439059387618,0.029503532690539094,0.8111420767155847,0
P242,B1,0.7668389991629613,0.06536349961620333,0.16779750122083545,2
P243,B3,0.021773143030387177,0.4758654431543669,0.502361413815246,2
P244,B1,0.5758881024590321,0.38004893513524723,0.04406296240572074,2
P245,B1,0.8958385601407548,0.0689855402230157,0.035175899636229566,0
P246,B2,0.3502961627046159,0.641011377763859,0.0086924595315252,1
P247,B1,0.6103967488555584,0.03879635757994754,0.350806893564494,0
P248,B1,0.8620279236398886,0.1071970640105395,0.03077501234957187,2
P249,B1,0.7546892264893679,0.05848626737551291,0.18682450613511922,0
P250,B1,0.8087666520079009,0.09149909842887262,0.09973424956322656,0
P251,B3,0.23939162657104027,0.04352766356347335,0.7170807098654863,1
P252,B3,0.05099575348506349,0.07989846506518684,0.8691057814497496,1
P253,B2,0.2929050390836057,0.4099232671816002,0.2971716937347941,1
P254,B2,0.21170754316624782,0.7702676568827693,0.01802479995098291,1
P255,B1,0.7983136598363478,0.13222664381817856,0.06945969634547368,0
P256,B1,0.7406880473716166,0.21111617002468006,0.04819578260370331,0
P257,B1,0.7444691396979801,0.08696146630598539,0.16856939399603443,0
P258,B1,0.4807325797685883,0.4100144364703315,0.1092529837610801,1
P259,B2,0.0017058842219509925,0.8571877821627559,0.1411063336152931,0
P260,B1,0.8746379648006362,0.09673852896079692,0.02862350623856696,0
P261,B1,0.8444747869143249,0.032505923711220894,0.12301928937445432,0
P262,B2,0.19395192932147015,0.49554379990876324,0.3105042707697667,1
P263,B1,0.8186333110836295,0.15743018087346713,0.023936508042903416,1
P264,B2,0.06922604393228499,0.8644747385750335,0.06629921749268149,0
P265,B3,0.23420193974719064,0.037629183237648814,0.7281688770151605,2
P266,B2,0.029319749966283847,0.7910663284118312,0.17961392162188497,1
P267,B2,0.1143548727187598,0.5807212744428569,0.3049238528383833,2
P268,B2,0.06355886160754995,0.8182022106163384,0.11823892777611175,2
P269,B1,0.9522827674971013,0.02469654293490766,0.02302068956799096,0
P270,B2,0.09799669012194287,0.7937088737613851,0.10829443611667211,0
P271,B2,0.12982014023306104,0.8507461073220239,0.019433752444915103,0
P272,B1,0.8637235278164969,0.06397686524895649,0.07229960693454661,0
P273,B1,0.9022955346348073,0.005665516638385035,0.09203894872680764,1
P274,B1,0.6884329733707304,0.18229953887631065,0.12926748775295893,1
P275,B1,0.8010156568190482,0.18823886883357696,0.01074547434737488,0
P276,B2,0.13632570896265778,0.8125146021347104,0.05115968890263173,0
P277,B1,0.8193846753786792,0.07689794536226378,0.10371737925905702,0
P278,B1,0.587736839113937,0.22256594557609768,0.18969721530996528,2
P279,B2,0.24237032294977484,0.738306678819028,0.01932299823119709,0
P280,B2,0.22277818716573622,0.7232772422325433,0.05394457060172042,1
P281,B1,0.9034450242064507,0.010409280478092182,0.08614569531545703,0
P282,B2,0.034126479008393995,0.878817818326276,0.08705570266532996,0
P283,B2,0.08571707238690952,0.8889801071361065,0.025302820476984022,0
P284,B2,0.20954686337970643,0.5006189837448005,0.289834152875493,1
P285,B1,0.8796905156027223,0.049212360397240744,0.07109712400003698,0
P286,B1,0.9404657205214528,0.012468377336437766,0.04706590214210937,0
P287,B1,0.8191793305360209,0.09187069344985252,0.08894997601412655,0
P288,B2,0.11405018080195445,0.7919749897949327,0.09397482940311284,0
P289,B1,0.5726512346264082,0.20426920608132576,0.22307955929226597,1
P290,B2,0.07343016679845152,0.7468150692879182,0.17975476391363035,0
P291,B1,0.7282122288523636,0.16149225196144093,0.11029551918619547,1
P292,B2,0.05614104368740657,0.9078234273845641,0.03603552892802929,0
P293,B1,0.7413541477570905,0.24202995134980454,0.0166159008931049,0
P294,B3,0.08200655914137936,0.20405730019204027,0.7139361406665804,1
P295,B1,0.7642213489764502,0.13806300025310475,0.09771565077044506,0
P296,B3,0.04683998514776721,0.06745780664101561,0.8857022082112171,0
P297,B1,0.6630882603743565,0.0013178242902503344,0.3355939153353931,0
P298,B1,0.9157400945004122,0.04141632036650612,0.042843585133081695,0
P299,B2,0.06042938376830453,0.8362226084754475,0.103348007756248,0
P300,B2,0.410438692773395,0.5139216364372446,0.07563967078936036,1
P301,B3,0.05721699426381501,0.1183561765639286,0.8244268291722564,0
P302,B2,0.04172015175295057,0.9029839925521327,0.05529585569491677,0
P303,B2,0.0933791083276816,0.8420958434120255,0.06452504826029293,0
P304,B1,0.7305887806173692,0.048148127284578644,0.2212630920980522,2
P305,B1,0.7695021469713225,0.10481735203679175,0.1256805009918859,2
P306,B2,0.09475687395178792,0.6787631081559972,0.22648001789221497,1
P307,B2,0.09261502026772465,0.7223895705318716,0.18499540920040364,0
P308,B2,0.2222748929369358,0.7768458230747634,0.00087928398830096,0
P309,B1,0.7848359221913795,0.18166172143472226,0.033502356373898194,0
P310,B2,0.0194497153323615,0.7964477311421793,0.1841025535254593,1
P311,B2,0.016678083650117064,0.9740035872900464,0.009318329059836452,0
P312,B2,0.02007790026307255,0.8544538610953617,0.1254682386415657,2
P313,B3,0.1914941744803635,0.15355126210874362,0.6549545634108929,1
P314,B2,0.23036059709769058,0.48220765951133454,0.2874317433909749,2
P315,B1,0.6353223124769785,0.2176202605367313,0.14705742698629035,0
P316,B2,0.07297910603094582,0.9059694021826584,0.021051491786395787,0
P317,B1,0.8236955006208605,0.05021675716382527,0.1260877422153142,2
P318,B1,0.814143153592334,0.08043978193157666,0.10541706447608928,1
P319,B2,0.2545946581655952,0.6660826373019625,0.07932270453244226,2
P320,B2,0.016157203585381613,0.9338783596711043,0.0499644367435141,0
P321,B1,0.666326716280781,0.17613951529185154,0.15753376842736747,1
P322,B2,0.2248966707567344,0.7579452464859803,0.017158082757285392,2
P323,B2,0.24319333115470154,0.5856657913892858,0.1711408774560127,2
P324,B1,0.8482151508526623,0.14991978771911502,0.0018650614282225907,0
P325,B1,0.856014474366973,0.08518430377592312,0.0588012218571039,1
P326,B1,0.7376950238466188,0.23791362612337177,0.024391350030009473,0
P327,B3,0.20196976971100256,0.039505173158649896,0.7585250571303476,1
P328,B1,0.842172425665784,0.05025560482822318,0.10757196950599289,2
P329,B2,0.060927551609078374,0.871869994211452,0.06720245417946971,0
P330,B1,0.9244449132818173,0.03217168006820032,0.04338340664998239,1
P331,B1,0.887700196975649,0.10143004532284329,0.010869757701507766,0
P332,B1,0.7174068906363696,0.01951374267866666,0.2630793666849638,2
P333,B2,0.050449921170760505,0.9175139493017,0.032036129527539425,2
P334,B1,0.8791588419687744,0.043979943960100173,0.07686121407112537,0
P335,B2,0.23438206657762187,0.7616773944480667,0.0039405389743113585,1
P336,B2,0.16309719205975548,0.5757659726966069,0.26113683524363757,2
P337,B3,0.0494203702728107,0.07853985732285078,0.8720397724043386,0
P338,B1,0.5173995023750346,0.3872943607637137,0.09530613686125163,0
P339,B2,0.18139975179020695,0.7669933211470005,0.05160692706279255,0
P340,B1,0.7384694187557976,0.19672193464922472,0.0648086465949777,0
P341,B2,0.049506608972208196,0.9481311248383578,0.0023622661894339534,0
P342,B1,0.6376240045447238,0.29729674299856484,0.06507925245671142,1
P343,B1,0.7011983646245515,0.04945307879037452,0.2493485565850739,0
P344,B1,0.7752381807204444,0.017676897391017056,0.20708492188853858,2
P345,B1,0.8592563715992872,0.026919214974025427,0.11382441342668738,2
P346,B3,0.28678251939815547,0.06644175688769424,0.6467757237141503,0
P347,B3,0.06620171465685958,0.09963554356519404,0.8341627417779464,1
P348,B1,0.7191780861670223,0.2716402615458556,0.009181652287122111,2
P349,B2,0.16079056799638033,0.7869059777547961,0.0523034542488235,1
P350,B3,0.18486391580930578,0.078128853935167,0.7370072302555272,1
P351,B3,0.0033324283051796516,0.10796042753715131,0.888707144157669,0
P352,B1,0.5486147374707134,0.329234958834677,0.12215030369460943,1
P353,B2,0.017951884033666085,0.9214896462425628,0.06055846972377112,0
P354,B1,0.7268478446775674,0.12220969293303585,0.15094246238939676,2
P355,B1,0.7069948129740129,0.08115710407811245,0.2118480829478746,1
P356,B1,0.8782739387671682,0.09396791946347392,0.02775814176935787,1
P357,B2,0.08163178532387859,0.7146991754065679,0.2036690392695535,0
P358,B2,0.12023130803766595,0.838582748514693,0.04118594344764091,2
P359,B3,0.06656059267044269,0.058059661115002804,0.8753797462145545,1
P360,B1,0.6833425914421278,0.0669768467403499,0.2496805618175223,1
P361,B1,0.5423273346430522,0.2011917300013389,0.2564809353556089,0
P362,B3,0.01596851496895071,0.013819852490752082,0.9702116325402973,2
P363,B2,0.048565790300782806,0.9377867351334342,0.013647474565783059,0
P364,B2,0.042696452571677014,0.8333940709724823,0.12390947645584079,0
P365,B1,0.9404119685446602,0.04867993081801048,0.010908100637329306,0
P366,B1,0.8291345530591466,0.01611763832272542,0.15474780861812795,0
P367,B1,0.8539364928228728,0.0063335540686525185,0.13972995310847477,0
P368,B1,0.43888959522079585,0.28139099538224843,0.2797194093969556,2
P369,B2,0.16135011207256555,0.6141597684049371,0.22449011952249723,0
P370,B1,0.7063954824021604,0.12361564206484689,0.16998887553299274,2
P371,B1,0.6116515145942043,0.2847544283771866,0.10359405702860915,1
P372,B2,0.1529765190239301,0.7489007286169791,0.09812275235909085,0
P373,B2,0.09682501583043542,0.751879614998699,0.15129536917086545,0
P374,B1,0.7703697171367465,0.011661577019909934,0.21796870584334357,0
P375,B1,0.8360607818037101,0.11798160114079691,0.04595761705549298,0
P376,B1,0.9182937366067367,0.0074874506091187195,0.07421881278414451,0
P377,B1,0.6419882563207316,0.18050763846232906,0.17750410521693935,2
P378,B3,0.20865898840992053,0.22022465128624907,0.5711163603038304,1
P379,B1,0.7699767902658606,0.03648729064555969,0.1935359190885797,1
P380,B2,0.07666486210705215,0.9094473535262423,0.013887784366705715,2
P381,B1,0.8015065522773013,0.060559688369378945,0.13793375935331967,1
P382,B1,0.960178456344062,0.021983069807748785,0.0178384738481893,0
P383,B2,0.11500820806556901,0.6843897082322397,0.20060208370219137,1
P384,B1,0.7568753289377796,0.05129781529417934,0.19182685576804104,0
P385,B1,0.7913662177394545,0.008505113277478089,0.20012866898306744,0
P386,B2,0.1105201154104089,0.7387992488537127,0.1506806357358784,0
P387,B1,0.8499870057021839,0.004671079265677736,0.1453419150321383,2
P388,B2,0.26146922763997615,0.7294876776171023,0.00904309474292142,2
P389,B3,0.08113701620312824,0.09453243985213561,0.8243305439447361,1
P390,B1,0.7483657843998429,0.22179633930867787,0.029837876291479083,1
P391,B1,0.8687602300414377,0.010372815793810173,0.12086695416475225,1
P392,B3,0.07180258240242443,0.05786435510865834,0.8703330624889173,2
P393,B1,0.8803636173217715,0.09260595006770107,0.027030432610527323,0
P394,B1,0.8990776161852579,0.009649309739091567,0.09127307407565051,0
P395,B2,0.17103393428809593,0.7141218890018329,0.11484417671007113,0
P396,B1,0.8335793034020551,0.13961732337709323,0.02680337322085162,0
P397,B3,0.1822367929477179,0.01326843030857125,0.8044947767437108,0
P398,B2,0.019142951093246936,0.8320929805682058,0.14876406833854725,2
P399,B1,0.7578440478462866,0.07261086741458715,0.16954508473912633,0
P400,B1,0.9175724070234872,0.038091954161403416,0.04433563881510931,0
