patient_id,time,code,backbone
P001,0,a,B2
P001,1,c,B2
P001,2,h,B2
P001,2,x,B2
P001,3,v,B2
P001,4,e,B2
P002,0,a,B1
P002,1,b,B1
P002,2,f,B1
P002,3,h,B1
P002,4,u,B1
P002,5,e,B1
P003,0,a,B3
P003,1,d,B3
P003,2,i,B3
P003,3,t,B3
P003,4,h,B3
P003,5,w,B3
P003,6,e,B3
P004,0,a,B1
P004,1,b,B1
P004,2,t,B1
P004,3,h,B1
P004,4,u,B1
P004,5,e,B1
P005,0,a,B3
P005,1,d,B3
P005,2,i,B3
P005,3,h,B3
P005,4,w,B3
P005,5,e,B3
P006,0,a,B1
P006,1,b,B1
P006,2,g,B1
P006,3,h,B1
P006,4,e,B1
P007,0,a,B2
P007,1,c,B2
P007,1,y,B2
P007,2,g,B2
P007,3,h,B2
P007,4,e,B2
P008,0,a,B1
P008,1,b,B1
P008,2,i,B1
P008,3,h,B1
P008,3,y,B1
P008,4,u,B1
P008,5,e,B1
P009,0,a,B1
P009,1,b,B1
P009,2,f,B1
P009,3,t,B1
P009,4,h,B1
P009,5,u,B1
P009,6,e,B1
P010,0,a,B1
P010,1,b,B1
P010,2,t,B1
P010,3,f,B1
P010,4,h,B1
P010,5,u,B1
P010,6,e,B1
P011,0,a,B3
P011,1,d,B3
P011,2,i,B3
P011,3,h,B3
P011,3,x,B3
P011,4,h,B3
P011,5,w,B3
P011,6,e,B3
P012,0,a,B1
P012,1,d,B1
P012,2,f,B1
P012,3,h,B1
P012,4,u,B1
P012,5,e,B1
P013,0,a,B2
P013,1,c,B2
P013,1,z,B2
P013,2,t,B2
P013,3,c,B2
P013,4,g,B2
P013,5,h,B2
P013,6,v,B2
P013,7,e,B2
P014,0,a,B2
P014,1,c,B2
P014,2,f,B2
P014,3,h,B2
P014,4,v,B2
P014,5,e,B2
P015,0,a,B3
P015,1,d,B3
P015,2,i,B3
P015,3,h,B3
P015,3,y,B3
P015,4,e,B3
P016,0,a,B3
P016,1,d,B3
P016,2,h,B3
P016,3,w,B3
P016,4,e,B3
P017,0,a,B2
P017,1,c,B2
P017,1,z,B2
P017,2,g,B2
P017,3,h,B2
P017,4,v,B2
P017,5,e,B2
P018,0,a,B1
P018,1,b,B1
P018,2,f,B1
P018,3,h,B1
P018,3,y,B1
P018,4,u,B1
P018,5,e,B1
P019,0,a,B1
P019,1,b,B1
P019,2,f,B1
P019,2,z,B1
P019,3,t,B1
P019,4,h,B1
P019,5,e,B1
P020,0,a,B2
P020,1,c,B2
P020,2,g,B2
P020,3,h,B2
P020,4,t,B2
P020,5,h,B2
P020,6,v,B2
P020,7,e,B2
P021,0,a,B2
P021,1,d,B2
P021,2,t,B2
P021,3,g,B2
P021,4,h,B2
P021,5,v,B2
P021,6,e,B2
P022,0,a,B1
P022,1,b,B1
P022,2,f,B1
P022,3,h,B1
P022,4,u,B1
P022,5,e,B1
P023,0,a,B1
P023,1,c,B1
P023,2,t,B1
P023,3,f,B1
P023,4,h,B1
P023,5,e,B1
P024,0,a,B2
P024,1,c,B2
P024,2,g,B2
P024,3,t,B2
P024,4,h,B2
P024,5,v,B2
P024,6,e,B2
P025,0,a,B3
P025,1,b,B3
P025,2,i,B3
P025,3,t,B3
P025,4,h,B3
P025,5,e,B3
P026,0,a,B2
P026,1,d,B2
P026,2,g,B2
P026,3,h,B2
P026,4,e,B2
P027,0,a,B1
P027,1,b,B1
P027,2,f,B1
P027,3,h,B1
P027,4,e,B1
P028,0,a,B3
P028,1,d,B3
P028,2,h,B3
P028,3,w,B3
P028,4,e,B3
P029,0,a,B1
P029,1,b,B1
P029,2,f,B1
P029,3,h,B1
P029,4,u,B1
P029,5,e,B1
P030,0,a,B3
P030,1,d,B3
P030,2,i,B3
P030,3,t,B3
P030,4,h,B3
P030,5,w,B3
P030,6,e,B3
P031,0,a,B3
P031,1,d,B3
P031,2,i,B3
P031,3,h,B3
P031,3,x,B3
P031,4,h,B3
P031,4,z,B3
P031,5,w,B3
P031,6,e,B3
P032,0,a,B2
P032,1,c,B2
P032,2,t,B2
P032,3,g,B2
P032,4,h,B2
P032,5,v,B2
P032,6,e,B2
P033,0,a,B2
P033,1,d,B2
P033,2,t,B2
P033,3,g,B2
P033,4,h,B2
P033,5,e,B2
P034,0,a,B3
P034,1,d,B3
P034,2,i,B3
P034,3,h,B3
P034,4,w,B3
P034,5,e,B3
P035,0,a,B2
P035,1,c,B2
P035,2,i,B2
P035,2,z,B2
P035,3,h,B2
P035,4,v,B2
P035,5,e,B2
P036,0,a,B3
P036,1,b,B3
P036,2,t,B3
P036,3,i,B3
P036,3,z,B3
P036,4,w,B3
P036,5,e,B3
P037,0,a,B1
P037,1,b,B1
P037,2,f,B1
P037,3,t,B1
P037,4,h,B1
P037,5,u,B1
P037,6,e,B1
P038,0,a,B2
P038,1,c,B2
P038,2,t,B2
P038,3,i,B2
P038,4,h,B2
P038,4,x,B2
P038,5,v,B2
P038,6,e,B2
P039,0,a,B2
P039,1,d,B2
P039,1,x,B2
P039,2,g,B2
P039,3,t,B2
P039,4,h,B2
P039,5,e,B2
P040,0,a,B2
P040,1,c,B2
P040,2,t,B2
P040,3,g,B2
P040,4,t,B2
P040,5,h,B2
P040,6,v,B2
P040,7,e,B2
P041,0,a,B2
P041,1,c,B2
P041,2,g,B2
P041,3,h,B2
P041,3,z,B2
P041,4,v,B2
P041,5,e,B2
P042,0,a,B3
P042,1,d,B3
P042,1,y,B3
P042,2,t,B3
P042,3,i,B3
P042,4,t,B3
P042,5,h,B3
P042,6,w,B3
P042,7,e,B3
P043,0,a,B2
P043,1,c,B2
P043,2,i,B2
P043,2,x,B2
P043,3,h,B2
P043,4,v,B2
P043,5,e,B2
P044,0,a,B1
P044,1,b,B1
P044,2,t,B1
P044,3,b,B1
P044,4,f,B1
P044,5,h,B1
P044,6,u,B1
P044,7,e,B1
P045,0,a,B2
P045,1,c,B2
P045,2,t,B2
P045,3,g,B2
P045,4,h,B2
P045,4,z,B2
P045,5,e,B2
P046,0,a,B2
P046,1,c,B2
P046,1,z,B2
P046,2,g,B2
P046,3,t,B2
P046,4,h,B2
P046,5,t,B2
P046,6,h,B2
P046,6,x,B2
P046,7,v,B2
P046,8,e,B2
P047,0,a,B1
P047,1,b,B1
P047,1,y,B1
P047,2,i,B1
P047,3,h,B1
P047,4,u,B1
P047,5,e,B1
P048,0,a,B2
P048,1,c,B2
P048,2,g,B2
P048,3,h,B2
P048,4,e,B2
P049,0,a,B2
P049,1,c,B2
P049,2,t,B2
P049,3,g,B2
P049,3,y,B2
P049,4,h,B2
P049,5,v,B2
P049,6,e,B2
P050,0,a,B1
P050,1,b,B1
P050,2,t,B1
P050,3,f,B1
P050,4,t,B1
P050,5,h,B1
P050,6,e,B1
P051,0,a,B1
P051,1,b,B1
P051,2,t,B1
P051,3,f,B1
P051,4,h,B1
P051,5,u,B1
P051,6,e,B1
P052,0,a,B2
P052,1,c,B2
P052,2,t,B2
P052,3,g,B2
P052,3,y,B2
P052,4,t,B2
P052,5,h,B2
P052,6,v,B2
P052,7,e,B2
P053,0,a,B2
P053,1,b,B2
P053,2,f,B2
P053,3,e,B2
P054,0,a,B2
P054,1,c,B2
P054,2,g,B2
P054,3,t,B2
P054,4,g,B2
P054,5,h,B2
P054,6,v,B2
P054,7,e,B2
P055,0,a,B2
P055,1,b,B2
P055,2,g,B2
P055,3,h,B2
P055,3,z,B2
P055,4,e,B2
P056,0,a,B2
P056,1,c,B2
P056,2,t,B2
P056,3,h,B2
P056,3,y,B2
P056,4,e,B2
P057,0,a,B2
P057,1,c,B2
P057,1,z,B2
P057,2,t,B2
P057,3,g,B2
P057,4,h,B2
P057,5,v,B2
P057,6,e,B2
P058,0,a,B1
P058,1,f,B1
P058,2,h,B1
P058,3,u,B1
P058,4,e,B1
P059,0,a,B1
P059,1,b,B1
P059,2,f,B1
P059,3,t,B1
P059,4,h,B1
P059,4,z,B1
P059,5,e,B1
P060,0,a,B2
P060,1,c,B2
P060,2,t,B2
P060,3,g,B2
P060,4,t,B2
P060,5,h,B2
P060,5,z,B2
P060,6,v,B2
P060,7,e,B2
P061,0,a,B3
P061,1,d,B3
P061,2,t,B3
P061,3,i,B3
P061,3,z,B3
P061,4,h,B3
P061,5,w,B3
P061,6,e,B3
P062,0,a,B2
P062,1,c,B2
P062,2,g,B2
P062,3,t,B2
P062,4,h,B2
P062,5,v,B2
P062,6,e,B2
P063,0,a,B2
P063,1,c,B2
P063,2,i,B2
P063,3,h,B2
P063,3,z,B2
P063,4,v,B2
P063,5,e,B2
P064,0,a,B1
P064,1,b,B1
P064,2,f,B1
P064,3,h,B1
P064,4,e,B1
P065,0,a,B2
P065,1,c,B2
P065,1,z,B2
P065,2,g,B2
P065,3,h,B2
P065,4,e,B2
P066,0,a,B1
P066,1,b,B1
P066,2,t,B1
P066,3,f,B1
P066,4,h,B1
P066,5,u,B1
P066,6,e,B1
P067,0,a,B1
P067,1,b,B1
P067,2,g,B1
P067,3,h,B1
P067,4,e,B1
P068,0,a,B2
P068,1,d,B2
P068,2,g,B2
P068,3,h,B2
P068,4,v,B2
P068,5,e,B2
P069,0,a,B1
P069,1,b,B1
P069,2,f,B1
P069,3,h,B1
P069,4,u,B1
P069,5,e,B1
P070,0,a,B1
P070,1,d,B1
P070,2,i,B1
P070,3,t,B1
P070,4,h,B1
P070,5,u,B1
P070,6,e,B1
P071,0,a,B3
P071,1,d,B3
P071,2,t,B3
P071,3,g,B3
P071,4,h,B3
P071,5,w,B3
P071,6,e,B3
P072,0,a,B3
P072,1,d,B3
P072,2,i,B3
P072,3,h,B3
P072,4,w,B3
P072,5,e,B3
P073,0,a,B1
P073,1,d,B1
P073,2,t,B1
P073,3,g,B1
P073,4,h,B1
P073,5,u,B1
P073,6,e,B1
P074,0,a,B2
P074,1,c,B2
P074,2,f,B2
P074,3,h,B2
P074,4,e,B2
P075,0,a,B1
P075,1,d,B1
P075,2,g,B1
P075,3,h,B1
P075,3,z,B1
P075,4,u,B1
P075,5,e,B1
P076,0,a,B1
P076,1,b,B1
P076,2,f,B1
P076,2,x,B1
P076,3,h,B1
P076,4,u,B1
P076,5,e,B1
P077,0,a,B2
P077,1,c,B2
P077,2,g,B2
P077,3,h,B2
P077,4,e,B2
P078,0,a,B2
P078,1,c,B2
P078,2,g,B2
P078,3,t,B2
P078,4,h,B2
P078,5,e,B2
P079,0,a,B2
P079,1,c,B2
P079,1,y,B2
P079,2,t,B2
P079,3,g,B2
P079,4,t,B2
P079,5,h,B2
P079,6,v,B2
P079,7,e,B2
P080,0,a,B3
P080,1,d,B3
P080,2,t,B3
P080,3,i,B3
P080,4,h,B3
P080,5,e,B3
P081,0,a,B1
P081,1,f,B1
P081,2,h,B1
P081,3,t,B1
P081,4,h,B1
P081,5,u,B1
P081,6,e,B1
P082,0,a,B2
P082,1,i,B2
P082,2,h,B2
P082,2,z,B2
P082,3,v,B2
P082,4,e,B2
P083,0,a,B3
P083,1,d,B3
P083,2,i,B3
P083,3,t,B3
P083,4,i,B3
P083,5,h,B3
P083,6,e,B3
P084,0,a,B2
P084,1,c,B2
P084,2,t,B2
P084,3,g,B2
P084,4,h,B2
P084,4,y,B2
P084,5,v,B2
P084,6,e,B2
P085,0,a,B1
P085,1,b,B1
P085,2,t,B1
P085,3,f,B1
P085,4,t,B1
P085,5,h,B1
P085,6,e,B1
P086,0,a,B2
P086,1,c,B2
P086,2,g,B2
P086,3,t,B2
P086,4,h,B2
P086,5,v,B2
P086,6,e,B2
P087,0,a,B2
P087,1,c,B2
P087,1,y,B2
P087,2,t,B2
P087,3,g,B2
P087,4,h,B2
P087,5,v,B2
P087,6,e,B2
P088,0,a,B3
P088,1,d,B3
P088,2,i,B3
P088,3,h,B3
P088,4,e,B3
P089,0,a,B1
P089,1,b,B1
P089,1,x,B1
P089,2,f,B1
P089,3,h,B1
P089,4,u,B1
P089,5,e,B1
P090,0,a,B1
P090,1,b,B1
P090,2,t,B1
P090,3,i,B1
P090,3,x,B1
P090,4,h,B1
P090,5,u,B1
P090,6,e,B1
P091,0,a,B3
P091,1,d,B3
P091,2,i,B3
P091,3,h,B3
P091,4,w,B3
P091,5,e,B3
P092,0,a,B1
P092,1,b,B1
P092,2,f,B1
P092,3,t,B1
P092,4,h,B1
P092,5,u,B1
P092,6,e,B1
P093,0,a,B2
P093,1,c,B2
P093,2,g,B2
P093,3,h,B2
P093,4,v,B2
P093,5,e,B2
P094,0,a,B2
P094,1,c,B2
P094,2,g,B2
P094,2,x,B2
P094,3,h,B2
P094,4,e,B2
P095,0,a,B1
P095,1,b,B1
P095,2,f,B1
P095,3,t,B1
P095,4,h,B1
P095,5,u,B1
P095,6,e,B1
P096,0,a,B3
P096,1,d,B3
P096,2,t,B3
P096,3,i,B3
P096,4,h,B3
P096,5,w,B3
P096,6,e,B3
P097,0,a,B3
P097,1,d,B3
P097,2,i,B3
P097,3,h,B3
P097,4,w,B3
P097,5,e,B3
P098,0,a,B1
P098,1,d,B1
P098,2,t,B1
P098,3,f,B1
P098,4,t,B1
P098,5,h,B1
P098,6,u,B1
P098,7,e,B1
P099,0,a,B2
P099,1,c,B2
P099,2,f,B2
P099,3,h,B2
P099,3,z,B2
P099,4,e,B2
P100,0,a,B2
P100,1,c,B2
P100,2,g,B2
P100,3,t,B2
P100,4,h,B2
P100,5,v,B2
P100,6,e,B2
P101,0,a,B2
P101,1,c,B2
P101,1,y,B2
P101,2,c,B2
P101,3,i,B2
P101,4,h,B2
P101,4,x,B2
P101,5,v,B2
P101,6,e,B2
P102,0,a,B1
P102,1,b,B1
P102,2,f,B1
P102,3,t,B1
P102,4,h,B1
P102,5,u,B1
P102,6,e,B1
P103,0,a,B1
P103,1,b,B1
P103,2,f,B1
P103,3,t,B1
P103,4,h,B1
P103,4,y,B1
P103,5,u,B1
P103,6,e,B1
P104,0,a,B1
P104,1,b,B1
P104,2,f,B1
P104,2,z,B1
P104,3,h,B1
P104,4,u,B1
P104,5,e,B1
P105,0,a,B2
P105,1,c,B2
P105,2,h,B2
P105,3,e,B2
P106,0,a,B3
P106,1,d,B3
P106,2,i,B3
P106,2,y,B3
P106,3,h,B3
P106,4,w,B3
P106,5,e,B3
P107,0,a,B1
P107,1,b,B1
P107,2,f,B1
P107,2,x,B1
P107,3,h,B1
P107,4,u,B1
P107,5,e,B1
P108,0,a,B1
P108,1,b,B1
P108,2,t,B1
P108,3,f,B1
P108,3,x,B1
P108,4,h,B1
P108,4,x,B1
P108,5,u,B1
P108,6,e,B1
P109,0,a,B1
P109,1,d,B1
P109,2,f,B1
P109,2,z,B1
P109,3,h,B1
P109,4,e,B1
P110,0,a,B2
P110,1,c,B2
P110,2,g,B2
P110,3,h,B2
P110,4,e,B2
P111,0,a,B1
P111,1,b,B1
P111,2,g,B1
P111,3,h,B1
P111,3,x,B1
P111,4,e,B1
P112,0,a,B1
P112,1,b,B1
P112,2,f,B1
P112,3,h,B1
P112,3,x,B1
P112,4,u,B1
P112,5,e,B1
P113,0,a,B2
P113,1,c,B2
P113,1,x,B2
P113,2,g,B2
P113,3,h,B2
P113,4,v,B2
P113,5,e,B2
P114,0,a,B1
P114,1,b,B1
P114,2,t,B1
P114,3,f,B1
P114,3,x,B1
P114,4,h,B1
P114,5,u,B1
P114,6,e,B1
P115,0,a,B1
P115,1,b,B1
P115,2,f,B1
P115,2,x,B1
P115,3,h,B1
P115,4,u,B1
P115,5,e,B1
P116,0,a,B2
P116,1,c,B2
P116,2,t,B2
P116,3,g,B2
P116,3,z,B2
P116,4,h,B2
P116,5,v,B2
P116,6,e,B2
P117,0,a,B2
P117,1,c,B2
P117,2,t,B2
P117,3,g,B2
P117,4,h,B2
P117,5,v,B2
P117,6,e,B2
P118,0,a,B3
P118,1,d,B3
P118,2,t,B3
P118,3,i,B3
P118,4,h,B3
P118,5,w,B3
P118,6,e,B3
P119,0,a,B2
P119,1,c,B2
P119,2,c,B2
P119,2,z,B2
P119,3,g,B2
P119,4,h,B2
P119,5,e,B2
P120,0,a,B1
P120,1,b,B1
P120,2,f,B1
P120,3,h,B1
P120,3,x,B1
P120,4,u,B1
P120,5,e,B1
P121,0,a,B3
P121,1,d,B3
P121,2,i,B3
P121,3,h,B3
P121,4,w,B3
P121,5,e,B3
P122,0,a,B1
P122,1,b,B1
P122,1,z,B1
P122,2,f,B1
P122,3,t,B1
P122,4,h,B1
P122,5,e,B1
P123,0,a,B2
P123,1,d,B2
P123,2,i,B2
P123,3,h,B2
P123,4,v,B2
P123,5,e,B2
P124,0,a,B2
P124,1,c,B2
P124,2,g,B2
P124,3,h,B2
P124,4,v,B2
P124,5,e,B2
P125,0,a,B1
P125,1,b,B1
P125,1,z,B1
P125,2,i,B1
P125,3,h,B1
P125,4,u,B1
P125,5,e,B1
P126,0,a,B2
P126,1,c,B2
P126,1,x,B2
P126,2,g,B2
P126,3,v,B2
P126,4,e,B2
P127,0,a,B1
P127,1,f,B1
P127,2,t,B1
P127,3,h,B1
P127,4,e,B1
P128,0,a,B1
P128,1,b,B1
P128,2,f,B1
P128,3,h,B1
P128,4,t,B1
P128,5,h,B1
P128,6,u,B1
P128,7,e,B1
P129,0,a,B1
P129,1,c,B1
P129,2,f,B1
P129,3,h,B1
P129,4,u,B1
P129,5,e,B1
P130,0,a,B1
P130,1,c,B1
P130,2,t,B1
P130,3,f,B1
P130,4,h,B1
P130,5,u,B1
P130,6,e,B1
P131,0,a,B2
P131,1,c,B2
P131,1,z,B2
P131,2,g,B2
P131,3,h,B2
P131,3,y,B2
P131,4,e,B2
P132,0,a,B2
P132,1,c,B2
P132,2,t,B2
P132,3,i,B2
P132,4,h,B2
P132,5,e,B2
P133,0,a,B1
P133,1,b,B1
P133,2,f,B1
P133,3,h,B1
P133,4,u,B1
P133,5,e,B1
P134,0,a,B3
P134,1,d,B3
P134,1,z,B3
P134,2,t,B3
P134,3,i,B3
P134,4,t,B3
P134,5,h,B3
P134,5,z,B3
P134,6,w,B3
P134,7,e,B3
P135,0,a,B1
P135,1,b,B1
P135,2,f,B1
P135,3,h,B1
P135,4,e,B1
P136,0,a,B2
P136,1,d,B2
P136,1,z,B2
P136,2,g,B2
P136,3,h,B2
P136,4,v,B2
P136,5,e,B2
P137,0,a,B1
P137,1,b,B1
P137,1,x,B1
P137,2,t,B1
P137,3,f,B1
P137,4,h,B1
P137,5,e,B1
P138,0,a,B3
P138,1,d,B3
P138,2,i,B3
P138,2,y,B3
P138,3,h,B3
P138,4,e,B3
P139,0,a,B1
P139,1,b,B1
P139,2,f,B1
P139,3,t,B1
P139,4,h,B1
P139,5,u,B1
P139,6,e,B1
P140,0,a,B1
P140,1,b,B1
P140,2,f,B1
P140,3,h,B1
P140,4,u,B1
P140,5,e,B1
P141,0,a,B1
P141,1,b,B1
P141,1,x,B1
P141,2,b,B1
P141,3,f,B1
P141,4,t,B1
P141,5,h,B1
P141,6,u,B1
P141,7,e,B1
P142,0,a,B3
P142,1,d,B3
P142,2,i,B3
P142,3,t,B3
P142,4,h,B3
P142,4,z,B3
P142,5,e,B3
P143,0,a,B2
P143,1,b,B2
P143,2,g,B2
P143,2,z,B2
P143,3,h,B2
P143,3,y,B2
P143,4,h,B2
P143,5,v,B2
P143,6,e,B2
P144,0,a,B1
P144,1,b,B1
P144,2,h,B1
P144,2,x,B1
P144,3,u,B1
P144,4,e,B1
P145,0,a,B2
P145,1,c,B2
P145,2,g,B2
P145,3,h,B2
P145,4,v,B2
P145,5,e,B2
P146,0,a,B1
P146,1,d,B1
P146,1,y,B1
P146,2,f,B1
P146,3,t,B1
P146,4,h,B1
P146,5,e,B1
P147,0,a,B1
P147,1,b,B1
P147,2,i,B1
P147,3,h,B1
P147,3,z,B1
P147,4,u,B1
P147,5,e,B1
P148,0,a,B2
P148,1,b,B2
P148,1,x,B2
P148,2,i,B2
P148,3,h,B2
P148,4,e,B2
P149,0,a,B3
P149,1,d,B3
P149,2,i,B3
P149,2,y,B3
P149,3,h,B3
P149,4,e,B3
P150,0,a,B1
P150,1,b,B1
P150,2,f,B1
P150,3,t,B1
P150,4,h,B1
P150,5,u,B1
P150,6,e,B1
P151,0,a,B1
P151,1,b,B1
P151,2,t,B1
P151,3,f,B1
P151,4,h,B1
P151,5,u,B1
P151,6,e,B1
P152,0,a,B2
P152,1,c,B2
P152,1,z,B2
P152,2,g,B2
P152,3,h,B2
P152,4,v,B2
P152,5,e,B2
P153,0,a,B2
P153,1,c,B2
P153,2,t,B2
P153,3,g,B2
P153,4,h,B2
P153,5,v,B2
P153,6,e,B2
P154,0,a,B1
P154,1,b,B1
P154,1,z,B1
P154,2,g,B1
P154,3,h,B1
P154,4,u,B1
P154,5,e,B1
P155,0,a,B1
P155,1,b,B1
P155,2,f,B1
P155,3,h,B1
P155,4,e,B1
P156,0,a,B1
P156,1,c,B1
P156,2,t,B1
P156,3,f,B1
P156,4,f,B1
P156,4,x,B1
P156,5,h,B1
P156,6,u,B1
P156,7,e,B1
P157,0,a,B1
P157,1,d,B1
P157,2,g,B1
P157,3,h,B1
P157,4,u,B1
P157,5,e,B1
P158,0,a,B2
P158,1,c,B2
P158,2,g,B2
P158,3,h,B2
P158,4,v,B2
P158,5,e,B2
P159,0,a,B2
P159,1,c,B2
P159,1,y,B2
P159,2,g,B2
P159,3,h,B2
P159,3,y,B2
P159,4,v,B2
P159,5,e,B2
P160,0,a,B1
P160,1,b,B1
P160,2,f,B1
P160,3,h,B1
P160,4,u,B1
P160,5,e,B1
P161,0,a,B3
P161,1,c,B3
P161,2,c,B3
P161,2,y,B3
P161,3,t,B3
P161,4,i,B3
P161,5,h,B3
P161,6,w,B3
P161,7,e,B3
P162,0,a,B2
P162,1,c,B2
P162,2,t,B2
P162,3,g,B2
P162,4,h,B2
P162,5,v,B2
P162,6,e,B2
P163,0,a,B1
P163,1,b,B1
P163,2,t,B1
P163,3,f,B1
P163,4,h,B1
P163,5,u,B1
P163,6,e,B1
P164,0,a,B1
P164,1,b,B1
P164,2,f,B1
P164,3,h,B1
P164,3,y,B1
P164,4,e,B1
P165,0,a,B3
P165,1,d,B3
P165,2,t,B3
P165,3,i,B3
P165,4,h,B3
P165,4,z,B3
P165,5,e,B3
P166,0,a,B2
P166,1,c,B2
P166,1,y,B2
P166,2,g,B2
P166,3,h,B2
P166,3,x,B2
P166,4,v,B2
P166,5,e,B2
P167,0,a,B2
P167,1,c,B2
P167,2,g,B2
P167,3,t,B2
P167,4,h,B2
P167,4,x,B2
P167,5,e,B2
P168,0,a,B1
P168,1,b,B1
P168,2,i,B1
P168,3,u,B1
P168,4,e,B1
P169,0,a,B1
P169,1,f,B1
P169,2,h,B1
P169,3,u,B1
P169,4,e,B1
P170,0,a,B3
P170,1,d,B3
P170,2,h,B3
P170,3,w,B3
P170,4,e,B3
P171,0,a,B2
P171,1,c,B2
P171,2,t,B2
P171,3,g,B2
P171,4,e,B2
P172,0,a,B1
P172,1,b,B1
P172,2,f,B1
P172,2,x,B1
P172,3,f,B1
P172,3,z,B1
P172,4,t,B1
P172,5,h,B1
P172,6,u,B1
P172,7,e,B1
P173,0,a,B3
P173,1,d,B3
P173,2,t,B3
P173,3,i,B3
P173,4,h,B3
P173,5,w,B3
P173,6,e,B3
P174,0,a,B2
P174,1,c,B2
P174,2,g,B2
P174,3,h,B2
P174,4,v,B2
P174,5,e,B2
P175,0,a,B1
P175,1,d,B1
P175,2,d,B1
P175,2,x,B1
P175,3,f,B1
P175,4,e,B1
P176,0,a,B2
P176,1,c,B2
P176,2,g,B2
P176,3,h,B2
P176,4,v,B2
P176,5,e,B2
P177,0,a,B2
P177,1,d,B2
P177,2,t,B2
P177,3,d,B2
P177,3,y,B2
P177,4,i,B2
P177,5,t,B2
P177,6,h,B2
P177,7,v,B2
P177,8,e,B2
P178,0,a,B2
P178,1,c,B2
P178,2,t,B2
P178,3,g,B2
P178,4,h,B2
P178,5,v,B2
P178,6,e,B2
P179,0,a,B1
P179,1,b,B1
P179,2,t,B1
P179,3,f,B1
P179,4,h,B1
P179,5,u,B1
P179,6,e,B1
P180,0,a,B1
P180,1,b,B1
P180,2,t,B1
P180,3,h,B1
P180,4,u,B1
P180,5,e,B1
P181,0,a,B1
P181,1,b,B1
P181,1,z,B1
P181,2,h,B1
P181,2,z,B1
P181,3,u,B1
P181,4,e,B1
P182,0,a,B1
P182,1,b,B1
P182,2,f,B1
P182,3,t,B1
P182,4,h,B1
P182,5,u,B1
P182,6,e,B1
P183,0,a,B2
P183,1,b,B2
P183,2,g,B2
P183,3,h,B2
P183,4,v,B2
P183,5,e,B2
P184,0,a,B1
P184,1,b,B1
P184,2,f,B1
P184,3,h,B1
P184,3,x,B1
P184,4,u,B1
P184,5,e,B1
P185,0,a,B2
P185,1,c,B2
P185,2,i,B2
P185,3,h,B2
P185,4,v,B2
P185,5,e,B2
P186,0,a,B1
P186,1,b,B1
P186,2,g,B1
P186,3,h,B1
P186,4,u,B1
P186,5,e,B1
P187,0,a,B2
P187,1,c,B2
P187,2,g,B2
P187,2,z,B2
P187,3,h,B2
P187,4,e,B2
P188,0,a,B2
P188,1,c,B2
P188,2,g,B2
P188,2,x,B2
P188,3,h,B2
P188,4,v,B2
P188,5,e,B2
P189,0,a,B3
P189,1,c,B3
P189,2,h,B3
P189,3,w,B3
P189,4,e,B3
P190,0,a,B3
P190,1,d,B3
P190,2,t,B3
P190,3,i,B3
P190,3,z,B3
P190,4,h,B3
P190,4,x,B3
P190,5,w,B3
P190,6,e,B3
P191,0,a,B2
P191,1,d,B2
P191,2,t,B2
P191,3,g,B2
P191,4,h,B2
P191,5,v,B2
P191,6,e,B2
P192,0,a,B1
P192,1,c,B1
P192,2,f,B1
P192,3,h,B1
P192,4,t,B1
P192,5,h,B1
P192,5,z,B1
P192,6,u,B1
P192,7,e,B1
P193,0,a,B2
P193,1,c,B2
P193,2,t,B2
P193,3,g,B2
P193,3,z,B2
P193,4,h,B2
P193,5,e,B2
P194,0,a,B2
P194,1,c,B2
P194,1,z,B2
P194,2,i,B2
P194,2,y,B2
P194,3,h,B2
P194,4,v,B2
P194,5,e,B2
P195,0,a,B3
P195,1,b,B3
P195,1,z,B3
P195,2,i,B3
P195,3,t,B3
P195,4,h,B3
P195,4,y,B3
P195,5,e,B3
P196,0,a,B2
P196,1,c,B2
P196,2,i,B2
P196,3,t,B2
P196,4,h,B2
P196,5,v,B2
P196,6,e,B2
P197,0,a,B1
P197,1,b,B1
P197,2,i,B1
P197,2,x,B1
P197,3,h,B1
P197,4,u,B1
P197,5,e,B1
P198,0,a,B2
P198,1,c,B2
P198,2,g,B2
P198,3,h,B2
P198,4,v,B2
P198,5,e,B2
P199,0,a,B2
P199,1,c,B2
P199,2,g,B2
P199,3,t,B2
P199,4,h,B2
P199,5,v,B2
P199,6,e,B2
P200,0,a,B1
P200,1,b,B1
P200,2,t,B1
P200,3,g,B1
P200,4,h,B1
P200,5,e,B1
P201,0,a,B1
P201,1,b,B1
P201,2,f,B1
P201,3,h,B1
P201,3,z,B1
P201,4,u,B1
P201,5,e,B1
P202,0,a,B2
P202,1,c,B2
P202,2,g,B2
P202,3,h,B2
P202,4,v,B2
P202,5,e,B2
P203,0,a,B2
P203,1,d,B2
P203,1,z,B2
P203,2,g,B2
P203,2,z,B2
P203,3,h,B2
P203,4,v,B2
P203,5,e,B2
P204,0,a,B2
P204,1,c,B2
P204,2,g,B2
P204,3,t,B2
P204,4,g,B2
P204,5,h,B2
P204,6,v,B2
P204,7,e,B2
P205,0,a,B1
P205,1,d,B1
P205,2,i,B1
P205,2,z,B1
P205,3,h,B1
P205,4,u,B1
P205,5,e,B1
P206,0,a,B2
P206,1,c,B2
P206,2,h,B2
P206,3,v,B2
P206,4,e,B2
P207,0,a,B3
P207,1,d,B3
P207,2,f,B3
P207,3,t,B3
P207,4,h,B3
P207,5,w,B3
P207,6,e,B3
P208,0,a,B1
P208,1,b,B1
P208,2,f,B1
P208,3,h,B1
P208,4,u,B1
P208,5,e,B1
P209,0,a,B3
P209,1,d,B3
P209,2,t,B3
P209,3,i,B3
P209,4,t,B3
P209,5,i,B3
P209,6,h,B3
P209,7,w,B3
P209,8,e,B3
P210,0,a,B1
P210,1,b,B1
P210,2,t,B1
P210,3,f,B1
P210,4,h,B1
P210,5,e,B1
P211,0,a,B1
P211,1,b,B1
P211,2,f,B1
P211,3,h,B1
P211,3,x,B1
P211,4,u,B1
P211,5,e,B1
P212,0,a,B2
P212,1,c,B2
P212,2,h,B2
P212,2,z,B2
P212,3,v,B2
P212,4,e,B2
P213,0,a,B2
P213,1,c,B2
P213,2,f,B2
P213,3,h,B2
P213,4,v,B2
P213,5,e,B2
P214,0,a,B3
P214,1,c,B3
P214,1,x,B3
P214,2,g,B3
P214,2,x,B3
P214,3,h,B3
P214,4,w,B3
P214,5,e,B3
P215,0,a,B2
P215,1,c,B2
P215,2,g,B2
P215,3,h,B2
P215,4,v,B2
P215,5,e,B2
P216,0,a,B2
P216,1,b,B2
P216,2,g,B2
P216,3,h,B2
P216,4,v,B2
P216,5,e,B2
P217,0,a,B2
P217,1,c,B2
P217,2,g,B2
P217,3,t,B2
P217,4,h,B2
P217,5,v,B2
P217,6,e,B2
P218,0,a,B3
P218,1,d,B3
P218,2,i,B3
P218,3,h,B3
P218,3,z,B3
P218,4,w,B3
P218,5,e,B3
P219,0,a,B1
P219,1,b,B1
P219,1,y,B1
P219,2,f,B1
P219,3,h,B1
P219,3,x,B1
P219,4,u,B1
P219,5,e,B1
P220,0,a,B1
P220,1,b,B1
P220,2,g,B1
P220,3,h,B1
P220,4,t,B1
P220,5,h,B1
P220,5,y,B1
P220,6,u,B1
P220,7,e,B1
P221,0,a,B1
P221,1,b,B1
P221,2,i,B1
P221,3,h,B1
P221,4,u,B1
P221,5,e,B1
P222,0,a,B3
P222,1,d,B3
P222,2,h,B3
P222,3,w,B3
P222,4,e,B3
P223,0,a,B2
P223,1,c,B2
P223,2,g,B2
P223,3,h,B2
P223,3,x,B2
P223,4,v,B2
P223,5,e,B2
P224,0,a,B2
P224,1,c,B2
P224,2,t,B2
P224,3,g,B2
P224,4,t,B2
P224,5,h,B2
P224,6,v,B2
P224,7,e,B2
P225,0,a,B1
P225,1,b,B1
P225,2,t,B1
P225,3,f,B1
P225,4,t,B1
P225,5,h,B1
P225,6,u,B1
P225,7,e,B1
P226,0,a,B3
P226,1,i,B3
P226,1,z,B3
P226,2,h,B3
P226,3,w,B3
P226,4,e,B3
P227,0,a,B3
P227,1,b,B3
P227,2,i,B3
P227,3,h,B3
P227,4,e,B3
P228,0,a,B1
P228,1,b,B1
P228,2,h,B1
P228,3,u,B1
P228,4,e,B1
P229,0,a,B1
P229,1,b,B1
P229,1,z,B1
P229,2,f,B1
P229,3,t,B1
P229,4,h,B1
P229,5,u,B1
P229,6,e,B1
P230,0,a,B3
P230,1,d,B3
P230,2,i,B3
P230,3,h,B3
P230,4,e,B3
P231,0,a,B3
P231,1,d,B3
P231,2,i,B3
P231,3,h,B3
P231,4,w,B3
P231,5,e,B3
P232,0,a,B1
P232,1,b,B1
P232,2,f,B1
P232,3,h,B1
P232,4,u,B1
P232,5,e,B1
P233,0,a,B2
P233,1,c,B2
P233,2,t,B2
P233,3,g,B2
P233,4,h,B2
P233,5,v,B2
P233,6,e,B2
P234,0,a,B1
P234,1,b,B1
P234,1,y,B1
P234,2,f,B1
P234,3,h,B1
P234,4,e,B1
P235,0,a,B3
P235,1,d,B3
P235,2,i,B3
P235,3,h,B3
P235,3,z,B3
P235,4,e,B3
P236,0,a,B2
P236,1,b,B2
P236,1,x,B2
P236,2,b,B2
P236,3,g,B2
P236,4,h,B2
P236,5,v,B2
P236,6,e,B2
P237,0,a,B2
P237,1,d,B2
P237,2,t,B2
P237,3,g,B2
P237,4,h,B2
P237,5,v,B2
P237,6,e,B2
P238,0,a,B1
P238,1,b,B1
P238,1,z,B1
P238,2,t,B1
P238,3,f,B1
P238,4,h,B1
P238,5,u,B1
P238,6,e,B1
P239,0,a,B2
P239,1,c,B2
P239,2,g,B2
P239,2,y,B2
P239,3,h,B2
P239,4,e,B2
P240,0,a,B1
P240,1,c,B1
P240,2,f,B1
P240,3,h,B1
P240,3,x,B1
P240,4,h,B1
P240,5,u,B1
P240,6,e,B1
P241,0,a,B3
P241,1,d,B3
P241,1,x,B3
P241,2,i,B3
P241,2,y,B3
P241,3,h,B3
P241,4,w,B3
P241,5,e,B3
P242,0,a,B1
P242,1,b,B1
P242,1,x,B1
P242,2,b,B1
P242,3,i,B1
P242,3,x,B1
P242,4,h,B1
P242,5,u,B1
P242,6,e,B1
P243,0,a,B3
P243,1,c,B3
P243,2,i,B3
P243,3,h,B3
P243,4,w,B3
P243,5,e,B3
P244,0,a,B1
P244,1,c,B1
P244,1,y,B1
P244,2,f,B1
P244,3,h,B1
P244,4,u,B1
P244,5,e,B1
P245,0,a,B1
P245,1,b,B1
P245,2,f,B1
P245,2,x,B1
P245,3,h,B1
P245,4,u,B1
P245,5,e,B1
P246,0,a,B2
P246,1,c,B2
P246,2,g,B2
P246,3,h,B2
P246,4,e,B2
P247,0,a,B1
P247,1,b,B1
P247,2,f,B1
P247,3,t,B1
P247,4,h,B1
P247,5,u,B1
P247,6,e,B1
P248,0,a,B1
P248,1,b,B1
P248,1,y,B1
P248,2,g,B1
P248,3,h,B1
P248,4,u,B1
P248,5,e,B1
P249,0,a,B1
P249,1,f,B1
P249,2,h,B1
P249,3,u,B1
P249,4,e,B1
P250,0,a,B1
P250,1,b,B1
P250,2,t,B1
P250,3,f,B1
P250,3,z,B1
P250,4,t,B1
P250,5,h,B1
P250,6,e,B1
P251,0,a,B3
P251,1,c,B3
P251,2,t,B3
P251,3,i,B3
P251,4,h,B3
P251,5,w,B3
P251,6,e,B3
P252,0,a,B3
P252,1,c,B3
P252,2,g,B3
P252,3,h,B3
P252,4,w,B3
P252,5,e,B3
P253,0,a,B2
P253,1,c,B2
P253,2,i,B2
P253,3,h,B2
P253,4,v,B2
P253,5,e,B2
P254,0,a,B2
P254,1,b,B2
P254,2,t,B2
P254,3,g,B2
P254,4,h,B2
P254,4,z,B2
P254,5,v,B2
P254,6,e,B2
P255,0,a,B1
P255,1,b,B1
P255,2,t,B1
P255,3,f,B1
P255,4,h,B1
P255,5,u,B1
P255,6,e,B1
P256,0,a,B1
P256,1,b,B1
P256,1,z,B1
P256,2,f,B1
P256,3,h,B1
P256,4,e,B1
P257,0,a,B1
P257,1,b,B1
P257,2,f,B1
P257,3,h,B1
P257,4,e,B1
P258,0,a,B1
P258,1,b,B1
P258,2,g,B1
P258,3,t,B1
P258,4,h,B1
P258,5,u,B1
P258,6,e,B1
P259,0,a,B2
P259,1,c,B2
P259,2,g,B2
P259,3,h,B2
P259,4,e,B2
P260,0,a,B1
P260,1,b,B1
P260,2,f,B1
P260,3,h,B1
P260,4,u,B1
P260,5,e,B1
P261,0,a,B1
P261,1,b,B1
P261,2,f,B1
P261,3,t,B1
P261,4,h,B1
P261,5,u,B1
P261,6,e,B1
P262,0,a,B2
P262,1,c,B2
P262,2,f,B2
P262,3,t,B2
P262,4,h,B2
P262,5,e,B2
P263,0,a,B1
P263,1,b,B1
P263,2,f,B1
P263,2,z,B1
P263,3,h,B1
P263,4,u,B1
P263,5,e,B1
P264,0,a,B2
P264,1,g,B2
P264,1,y,B2
P264,2,g,B2
P264,3,t,B2
P264,4,h,B2
P264,5,e,B2
P265,0,a,B3
P265,1,d,B3
P265,2,f,B3
P265,3,t,B3
P265,4,h,B3
P265,5,w,B3
P265,6,e,B3
P266,0,a,B2
P266,1,c,B2
P266,2,t,B2
P266,3,g,B2
P266,4,h,B2
P266,4,x,B2
P266,5,v,B2
P266,6,e,B2
P267,0,a,B2
P267,1,c,B2
P267,2,i,B2
P267,3,t,B2
P267,4,h,B2
P267,5,v,B2
P267,6,e,B2
P268,0,a,B2
P268,1,d,B2
P268,2,g,B2
P268,3,h,B2
P268,4,v,B2
P268,5,e,B2
P269,0,a,B1
P269,1,b,B1
P269,2,t,B1
P269,3,f,B1
P269,4,f,B1
P269,4,x,B1
P269,5,h,B1
P269,5,x,B1
P269,6,u,B1
P269,7,e,B1
P270,0,a,B2
P270,1,c,B2
P270,2,g,B2
P270,3,h,B2
P270,4,e,B2
P271,0,a,B2
P271,1,c,B2
P271,2,g,B2
P271,3,h,B2
P271,4,e,B2
P272,0,a,B1
P272,1,b,B1
P272,1,z,B1
P272,2,f,B1
P272,2,x,B1
P272,3,t,B1
P272,4,h,B1
P272,5,e,B1
P273,0,a,B1
P273,1,b,B1
P273,2,f,B1
P273,3,e,B1
P274,0,a,B1
P274,1,d,B1
P274,2,f,B1
P274,3,e,B1
P275,0,a,B1
P275,1,b,B1
P275,2,f,B1
P275,2,z,B1
P275,3,h,B1
P275,3,y,B1
P275,4,u,B1
P275,5,e,B1
P276,0,a,B2
P276,1,c,B2
P276,2,g,B2
P276,3,t,B2
P276,4,g,B2
P276,5,h,B2
P276,6,e,B2
P277,0,a,B1
P277,1,b,B1
P277,2,t,B1
P277,3,f,B1
P277,4,t,B1
P277,5,h,B1
P277,6,u,B1
P277,7,e,B1
P278,0,a,B1
P278,1,b,B1
P278,2,g,B1
P278,3,h,B1
P278,3,y,B1
P278,4,u,B1
P278,5,e,B1
P279,0,a,B2
P279,1,c,B2
P279,2,t,B2
P279,3,g,B2
P279,4,h,B2
P279,4,y,B2
P279,5,e,B2
P280,0,a,B2
P280,1,b,B2
P280,2,g,B2
P280,3,h,B2
P280,4,e,B2
P281,0,a,B1
P281,1,b,B1
P281,2,t,B1
P281,3,f,B1
P281,4,h,B1
P281,4,z,B1
P281,5,u,B1
P281,6,e,B1
P282,0,a,B2
P282,1,c,B2
P282,2,g,B2
P282,3,h,B2
P282,3,z,B2
P282,4,v,B2
P282,5,e,B2
P283,0,a,B2
P283,1,c,B2
P283,2,t,B2
P283,3,g,B2
P283,4,h,B2
P283,5,e,B2
P284,0,a,B2
P284,1,d,B2
P284,1,x,B2
P284,2,d,B2
P284,3,h,B2
P284,4,v,B2
P284,5,e,B2
P285,0,a,B1
P285,1,b,B1
P285,2,t,B1
P285,3,f,B1
P285,4,t,B1
P285,5,h,B1
P285,6,u,B1
P285,7,e,B1
P286,0,a,B1
P286,1,b,B1
P286,1,z,B1
P286,2,f,B1
P286,3,h,B1
P286,3,z,B1
P286,4,u,B1
P286,5,e,B1
P287,0,a,B1
P287,1,b,B1
P287,2,t,B1
P287,3,f,B1
P287,3,y,B1
P287,4,h,B1
P287,5,u,B1
P287,6,e,B1
P288,0,a,B2
P288,1,c,B2
P288,2,t,B2
P288,3,g,B2
P288,4,t,B2
P288,5,h,B2
P288,6,v,B2
P288,7,e,B2
P289,0,a,B1
P289,1,d,B1
P289,2,g,B1
P289,3,t,B1
P289,4,h,B1
P289,5,u,B1
P289,6,e,B1
P290,0,a,B2
P290,1,c,B2
P290,2,g,B2
P290,3,h,B2
P290,4,v,B2
P290,5,e,B2
P291,0,a,B1
P291,1,b,B1
P291,2,f,B1
P291,3,h,B1
P291,3,x,B1
P291,4,e,B1
P292,0,a,B2
P292,1,g,B2
P292,1,y,B2
P292,2,h,B2
P292,3,e,B2
P293,0,a,B1
P293,1,b,B1
P293,1,z,B1
P293,2,f,B1
P293,3,h,B1
P293,4,u,B1
P293,5,e,B1
P294,0,a,B3
P294,1,c,B3
P294,2,g,B3
P294,3,h,B3
P294,3,z,B3
P294,4,w,B3
P294,5,e,B3
P295,0,a,B1
P295,1,b,B1
P295,2,f,B1
P295,3,t,B1
P295,4,h,B1
P295,4,y,B1
P295,5,u,B1
P295,6,e,B1
P296,0,a,B3
P296,1,i,B3
P296,2,h,B3
P296,3,e,B3
P297,0,a,B1
P297,1,b,B1
P297,2,t,B1
P297,3,f,B1
P297,4,h,B1
P297,5,u,B1
P297,6,e,B1
P298,0,a,B1
P298,1,b,B1
P298,2,f,B1
P298,3,h,B1
P298,4,u,B1
P298,5,e,B1
P299,0,a,B2
P299,1,c,B2
P299,2,g,B2
P299,3,h,B2
P299,4,t,B2
P299,5,h,B2
P299,6,v,B2
P299,7,e,B2
P300,0,a,B2
P300,1,b,B2
P300,2,f,B2
P300,3,h,B2
P300,4,v,B2
P300,5,e,B2
P301,0,a,B3
P301,1,d,B3
P301,2,i,B3
P301,3,t,B3
P301,4,h,B3
P301,5,t,B3
P301,6,h,B3
P301,7,w,B3
P301,8,e,B3
P302,0,a,B2
P302,1,c,B2
P302,2,t,B2
P302,3,g,B2
P302,4,h,B2
P302,5,v,B2
P302,6,e,B2
P303,0,a,B2
P303,1,c,B2
P303,2,g,B2
P303,2,y,B2
P303,3,g,B2
P303,4,h,B2
P303,5,v,B2
P303,6,e,B2
P304,0,a,B1
P304,1,b,B1
P304,2,i,B1
P304,3,t,B1
P304,4,h,B1
P304,5,u,B1
P304,6,e,B1
P305,0,a,B1
P305,1,b,B1
P305,2,i,B1
P305,3,t,B1
P305,4,h,B1
P305,5,u,B1
P305,6,e,B1
P306,0,a,B2
P306,1,d,B2
P306,2,g,B2
P306,3,t,B2
P306,4,h,B2
P306,5,v,B2
P306,6,e,B2
P307,0,a,B2
P307,1,c,B2
P307,2,t,B2
P307,3,g,B2
P307,4,h,B2
P307,5,v,B2
P307,6,e,B2
P308,0,a,B2
P308,1,c,B2
P308,2,g,B2
P308,3,h,B2
P308,3,z,B2
P308,4,v,B2
P308,5,e,B2
P309,0,a,B1
P309,1,b,B1
P309,2,f,B1
P309,3,h,B1
P309,3,y,B1
P309,4,u,B1
P309,5,e,B1
P310,0,a,B2
P310,1,d,B2
P310,2,g,B2
P310,3,t,B2
P310,4,h,B2
P310,5,v,B2
P310,6,e,B2
P311,0,a,B2
P311,1,c,B2
P311,2,t,B2
P311,3,g,B2
P311,4,h,B2
P311,5,v,B2
P311,6,e,B2
P312,0,a,B2
P312,1,d,B2
P312,2,g,B2
P312,3,h,B2
P312,4,v,B2
P312,5,e,B2
P313,0,a,B3
P313,1,b,B3
P313,2,t,B3
P313,3,f,B3
P313,4,h,B3
P313,5,w,B3
P313,6,e,B3
P314,0,a,B2
P314,1,b,B2
P314,2,t,B2
P314,3,i,B2
P314,3,x,B2
P314,4,h,B2
P314,5,v,B2
P314,6,e,B2
P315,0,a,B1
P315,1,c,B1
P315,1,z,B1
P315,2,t,B1
P315,3,g,B1
P315,4,h,B1
P315,5,u,B1
P315,6,e,B1
P316,0,a,B2
P316,1,c,B2
P316,2,t,B2
P316,3,g,B2
P316,4,h,B2
P316,5,e,B2
P317,0,a,B1
P317,1,b,B1
P317,2,i,B1
P317,3,h,B1
P317,4,u,B1
P317,5,e,B1
P318,0,a,B1
P318,1,d,B1
P318,2,f,B1
P318,3,f,B1
P318,3,z,B1
P318,4,t,B1
P318,5,h,B1
P318,6,u,B1
P318,7,e,B1
P319,0,a,B2
P319,1,c,B2
P319,2,i,B2
P319,3,t,B2
P319,4,h,B2
P319,5,e,B2
P320,0,a,B2
P320,1,g,B2
P320,2,h,B2
P320,3,e,B2
P321,0,a,B1
P321,1,b,B1
P321,2,f,B1
P321,3,h,B1
P321,4,u,B1
P321,5,e,B1
P322,0,a,B2
P322,1,b,B2
P322,2,g,B2
P322,2,z,B2
P322,3,t,B2
P322,4,g,B2
P322,5,h,B2
P322,6,v,B2
P322,7,e,B2
P323,0,a,B2
P323,1,d,B2
P323,2,t,B2
P323,3,g,B2
P323,4,h,B2
P323,5,v,B2
P323,6,e,B2
P324,0,a,B1
P324,1,b,B1
P324,2,h,B1
P324,3,e,B1
P325,0,a,B1
P325,1,b,B1
P325,2,t,B1
P325,3,f,B1
P325,4,u,B1
P325,5,e,B1
P326,0,a,B1
P326,1,b,B1
P326,2,t,B1
P326,3,f,B1
P326,4,h,B1
P326,4,z,B1
P326,5,u,B1
P326,6,e,B1
P327,0,a,B3
P327,1,b,B3
P327,2,i,B3
P327,3,t,B3
P327,4,h,B3
P327,5,w,B3
P327,6,e,B3
P328,0,a,B1
P328,1,b,B1
P328,2,i,B1
P328,3,h,B1
P328,3,x,B1
P328,4,u,B1
P328,5,e,B1
P329,0,a,B2
P329,1,c,B2
P329,2,t,B2
P329,3,g,B2
P329,4,h,B2
P329,4,x,B2
P329,5,e,B2
P330,0,a,B1
P330,1,b,B1
P330,2,f,B1
P330,3,h,B1
P330,3,z,B1
P330,4,e,B1
P331,0,a,B1
P331,1,b,B1
P331,1,z,B1
P331,2,h,B1
P331,3,u,B1
P331,4,e,B1
P332,0,a,B1
P332,1,i,B1
P332,2,h,B1
P332,3,u,B1
P332,4,e,B1
P333,0,a,B2
P333,1,c,B2
P333,2,i,B2
P333,3,h,B2
P333,4,v,B2
P333,5,e,B2
P334,0,a,B1
P334,1,b,B1
P334,2,t,B1
P334,3,f,B1
P334,4,h,B1
P334,5,u,B1
P334,6,e,B1
P335,0,a,B2
P335,1,c,B2
P335,2,t,B2
P335,3,g,B2
P335,4,v,B2
P335,5,e,B2
P336,0,a,B2
P336,1,b,B2
P336,2,i,B2
P336,2,x,B2
P336,3,h,B2
P336,4,v,B2
P336,5,e,B2
P337,0,a,B3
P337,1,d,B3
P337,2,i,B3
P337,3,h,B3
P337,4,e,B3
P338,0,a,B1
P338,1,b,B1
P338,2,f,B1
P338,3,h,B1
P338,4,u,B1
P338,5,e,B1
P339,0,a,B2
P339,1,c,B2
P339,1,x,B2
P339,2,g,B2
P339,3,h,B2
P339,4,v,B2
P339,5,e,B2
P340,0,a,B1
P340,1,b,B1
P340,2,t,B1
P340,3,f,B1
P340,4,h,B1
P340,5,e,B1
P341,0,a,B2
P341,1,c,B2
P341,2,t,B2
P341,3,g,B2
P341,4,h,B2
P341,5,v,B2
P341,6,e,B2
P342,0,a,B1
P342,1,c,B1
P342,2,t,B1
P342,3,g,B1
P342,3,x,B1
P342,4,t,B1
P342,5,h,B1
P342,6,u,B1
P342,7,e,B1
P343,0,a,B1
P343,1,b,B1
P343,2,f,B1
P343,3,h,B1
P343,3,y,B1
P343,4,u,B1
P343,5,e,B1
P344,0,a,B1
P344,1,b,B1
P344,2,i,B1
P344,3,h,B1
P344,4,u,B1
P344,5,e,B1
P345,0,a,B1
P345,1,b,B1
P345,1,z,B1
P345,2,g,B1
P345,3,h,B1
P345,4,e,B1
P346,0,a,B3
P346,1,d,B3
P346,2,i,B3
P346,3,h,B3
P346,4,w,B3
P346,5,e,B3
P347,0,a,B3
P347,1,c,B3
P347,2,i,B3
P347,2,x,B3
P347,3,h,B3
P347,3,x,B3
P347,4,w,B3
P347,5,e,B3
P348,0,a,B1
P348,1,b,B1
P348,2,g,B1
P348,3,h,B1
P348,4,e,B1
P349,0,a,B2
P349,1,c,B2
P349,2,t,B2
P349,3,g,B2
P349,4,v,B2
P349,5,e,B2
P350,0,a,B3
P350,1,c,B3
P350,2,i,B3
P350,3,h,B3
P350,4,w,B3
P350,5,e,B3
P351,0,a,B3
P351,1,d,B3
P351,2,i,B3
P351,3,h,B3
P351,4,w,B3
P351,5,e,B3
P352,0,a,B1
P352,1,b,B1
P352,1,x,B1
P352,2,f,B1
P352,2,z,B1
P352,3,u,B1
P352,4,e,B1
P353,0,a,B2
P353,1,c,B2
P353,2,g,B2
P353,3,h,B2
P353,4,v,B2
P353,5,e,B2
P354,0,a,B1
P354,1,b,B1
P354,2,i,B1
P354,3,h,B1
P354,4,u,B1
P354,5,e,B1
P355,0,a,B1
P355,1,b,B1
P355,2,f,B1
P355,3,h,B1
P355,4,u,B1
P355,5,e,B1
P356,0,a,B1
P356,1,c,B1
P356,2,t,B1
P356,3,f,B1
P356,4,h,B1
P356,5,u,B1
P356,6,e,B1
P357,0,a,B2
P357,1,c,B2
P357,2,t,B2
P357,3,h,B2
P357,3,y,B2
P357,4,v,B2
P357,5,e,B2
P358,0,a,B2
P358,1,c,B2
P358,2,t,B2
P358,3,i,B2
P358,4,t,B2
P358,5,h,B2
P358,5,z,B2
P358,6,e,B2
P359,0,a,B3
P359,1,d,B3
P359,1,x,B3
P359,2,i,B3
P359,3,h,B3
P359,4,w,B3
P359,5,e,B3
P360,0,a,B1
P360,1,d,B1
P360,1,y,B1
P360,2,i,B1
P360,2,y,B1
P360,3,h,B1
P360,3,x,B1
P360,4,u,B1
P360,5,e,B1
P361,0,a,B1
P361,1,b,B1
P361,2,f,B1
P361,3,h,B1
P361,3,z,B1
P361,4,h,B1
P361,5,e,B1
P362,0,a,B3
P362,1,d,B3
P362,1,y,B3
P362,2,w,B3
P362,3,e,B3
P363,0,a,B2
P363,1,c,B2
P363,2,t,B2
P363,3,g,B2
P363,3,x,B2
P363,4,h,B2
P363,4,z,B2
P363,5,v,B2
P363,6,e,B2
P364,0,a,B2
P364,1,c,B2
P364,1,y,B2
P364,2,g,B2
P364,3,h,B2
P364,4,v,B2
P364,5,e,B2
P365,0,a,B1
P365,1,b,B1
P365,2,f,B1
P365,2,z,B1
P365,3,h,B1
P365,4,u,B1
P365,5,e,B1
P366,0,a,B1
P366,1,b,B1
P366,2,f,B1
P366,3,h,B1
P366,3,z,B1
P366,4,u,B1
P366,5,e,B1
P367,0,a,B1
P367,1,b,B1
P367,2,f,B1
P367,3,h,B1
P367,4,u,B1
P367,5,e,B1
P368,0,a,B1
P368,1,g,B1
P368,2,h,B1
P368,3,u,B1
P368,4,e,B1
P369,0,a,B2
P369,1,c,B2
P369,2,g,B2
P369,3,h,B2
P369,4,e,B2
P370,0,a,B1
P370,1,b,B1
P370,2,i,B1
P370,3,h,B1
P370,4,e,B1
P371,0,a,B1
P371,1,c,B1
P371,1,x,B1
P371,2,f,B1
P371,3,t,B1
P371,4,h,B1
P371,5,e,B1
P372,0,a,B2
P372,1,c,B2
P372,1,z,B2
P372,2,g,B2
P372,2,x,B2
P372,3,h,B2
P372,3,z,B2
P372,4,v,B2
P372,5,e,B2
P373,0,a,B2
P373,1,c,B2
P373,1,x,B2
P373,2,t,B2
P373,3,g,B2
P373,4,h,B2
P373,4,x,B2
P373,5,v,B2
P373,6,e,B2
P374,0,a,B1
P374,1,b,B1
P374,2,f,B1
P374,3,t,B1
P374,4,h,B1
P374,5,u,B1
P374,6,e,B1
P375,0,a,B1
P375,1,b,B1
P375,2,f,B1
P375,3,h,B1
P375,4,u,B1
P375,5,e,B1
P376,0,a,B1
P376,1,b,B1
P376,2,f,B1
P376,3,h,B1
P376,4,u,B1
P376,5,e,B1
P377,0,a,B1
P377,1,b,B1
P377,2,g,B1
P377,3,t,B1
P377,4,h,B1
P377,5,u,B1
P377,6,e,B1
P378,0,a,B3
P378,1,d,B3
P378,2,t,B3
P378,3,i,B3
P378,4,t,B3
P378,5,h,B3
P378,5,z,B3
P378,6,t,B3
P378,7,h,B3
P378,8,w,B3
P378,9,e,B3
P379,0,a,B1
P379,1,b,B1
P379,2,f,B1
P379,3,h,B1
P379,4,u,B1
P379,5,e,B1
P380,0,a,B2
P380,1,c,B2
P380,1,y,B2
P380,2,f,B2
P380,3,t,B2
P380,4,h,B2
P380,5,v,B2
P380,6,e,B2
P381,0,a,B1
P381,1,b,B1
P381,1,z,B1
P381,2,b,B1
P381,3,i,B1
P381,3,x,B1
P381,4,h,B1
P381,5,u,B1
P381,6,e,B1
P382,0,a,B1
P382,1,b,B1
P382,2,f,B1
P382,2,z,B1
P382,3,u,B1
P382,4,e,B1
P383,0,a,B2
P383,1,c,B2
P383,2,t,B2
P383,3,g,B2
P383,4,h,B2
P383,5,t,B2
P383,6,h,B2
P383,7,v,B2
P383,8,e,B2
P384,0,a,B1
P384,1,b,B1
P384,2,f,B1
P384,3,h,B1
P384,4,u,B1
P384,5,e,B1
P385,0,a,B1
P385,1,b,B1
P385,2,f,B1
P385,3,t,B1
P385,4,h,B1
P385,5,u,B1
P385,6,e,B1
P386,0,a,B2
P386,1,c,B2
P386,2,h,B2
P386,3,e,B2
P387,0,a,B1
P387,1,b,B1
P387,2,i,B1
P387,3,h,B1
P387,4,e,B1
P388,0,a,B2
P388,1,c,B2
P388,2,f,B2
P388,3,h,B2
P388,4,v,B2
P388,5,e,B2
P389,0,a,B3
P389,1,d,B3
P389,2,t,B3
P389,3,i,B3
P389,4,h,B3
P389,5,t,B3
P389,6,h,B3
P389,6,y,B3
P389,7,w,B3
P389,8,e,B3
P390,0,a,B1
P390,1,c,B1
P390,2,f,B1
P390,3,h,B1
P390,4,u,B1
P390,5,e,B1
P391,0,a,B1
P391,1,b,B1
P391,2,f,B1
P391,3,h,B1
P391,3,z,B1
P391,4,u,B1
P391,5,e,B1
P392,0,a,B3
P392,1,d,B3
P392,2,g,B3
P392,3,h,B3
P392,4,e,B3
P393,0,a,B1
P393,1,b,B1
P393,2,f,B1
P393,3,h,B1
P393,4,u,B1
P393,5,e,B1
P394,0,a,B1
P394,1,b,B1
P394,2,f,B1
P394,2,y,B1
P394,3,h,B1
P394,4,u,B1
P394,5,e,B1
P395,0,a,B2
P395,1,c,B2
P395,2,g,B2
P395,3,h,B2
P395,4,e,B2
P396,0,a,B1
P396,1,b,B1
P396,2,t,B1
P396,3,f,B1
P396,4,t,B1
P396,5,h,B1
P396,6,u,B1
P396,7,e,B1
P397,0,a,B3
P397,1,d,B3
P397,2,i,B3
P397,2,y,B3
P397,3,h,B3
P397,4,w,B3
P397,5,e,B3
P398,0,a,B2
P398,1,c,B2
P398,2,i,B2
P398,2,y,B2
P398,3,h,B2
P398,4,v,B2
P398,5,e,B2
P399,0,a,B1
P399,1,b,B1
P399,2,f,B1
P399,3,h,B1
P399,4,u,B1
P399,5,e,B1
P400,0,a,B1
P400,1,b,B1
P400,2,f,B1
P400,3,h,B1
P400,3,y,B1
P400,4,e,B1
