patient_num,pathOrder,states
P001,1,0
P001,2,30
P001,3,164
P001,4,205
P001,5,202
P001,6,166
P002,1,0
P002,2,10
P002,3,106
P002,4,164
P002,5,201
P002,6,166
P003,1,0
P003,2,54
P003,3,91
P003,4,204
P003,5,164
P003,6,203
P003,7,166
P004,1,0
P004,2,10
P004,3,204
P004,4,164
P004,5,201
P004,6,166
P005,1,0
P005,2,54
P005,3,91
P005,4,164
P005,5,203
P005,6,166
P006,1,0
P006,2,10
P006,3,119
P006,4,164
P006,5,166
P007,1,0
P007,2,30
P007,3,206
P007,4,119
P007,5,164
P007,6,166
P008,1,0
P008,2,10
P008,3,91
P008,4,164
P008,5,206
P008,6,201
P008,7,166
P009,1,0
P009,2,10
P009,3,106
P009,4,204
P009,5,164
P009,6,201
P009,7,166
P010,1,0
P010,2,10
P010,3,204
P010,4,106
P010,5,164
P010,6,201
P010,7,166
P011,1,0
P011,2,54
P011,3,91
P011,4,164
P011,5,205
P011,6,164
P011,7,203
P011,8,166
P012,1,0
P012,2,54
P012,3,106
P012,4,164
P012,5,201
P012,6,166
P013,1,0
P013,2,30
P013,3,207
P013,4,204
P013,5,30
P013,6,119
P013,7,164
P013,8,202
P013,9,166
P014,1,0
P014,2,30
P014,3,106
P014,4,164
P014,5,202
P014,6,166
P015,1,0
P015,2,54
P015,3,91
P015,4,164
P015,5,206
P015,6,166
P016,1,0
P016,2,54
P016,3,164
P016,4,203
P016,5,166
P017,1,0
P017,2,30
P017,3,207
P017,4,119
P017,5,164
P017,6,202
P017,7,166
P018,1,0
P018,2,10
P018,3,106
P018,4,164
P018,5,206
P018,6,201
P018,7,166
P019,1,0
P019,2,10
P019,3,106
P019,4,207
P019,5,204
P019,6,164
P019,7,166
P020,1,0
P020,2,30
P020,3,119
P020,4,164
P020,5,204
P020,6,164
P020,7,202
P020,8,166
P021,1,0
P021,2,54
P021,3,204
P021,4,119
P021,5,164
P021,6,202
P021,7,166
P022,1,0
P022,2,10
P022,3,106
P022,4,164
P022,5,201
P022,6,166
P023,1,0
P023,2,30
P023,3,204
P023,4,106
P023,5,164
P023,6,166
P024,1,0
P024,2,30
P024,3,119
P024,4,204
P024,5,164
P024,6,202
P024,7,166
P025,1,0
P025,2,10
P025,3,91
P025,4,204
P025,5,164
P025,6,166
P026,1,0
P026,2,54
P026,3,119
P026,4,164
P026,5,166
P027,1,0
P027,2,10
P027,3,106
P027,4,164
P027,5,166
P028,1,0
P028,2,54
P028,3,164
P028,4,203
P028,5,166
P029,1,0
P029,2,10
P029,3,106
P029,4,164
P029,5,201
P029,6,166
P030,1,0
P030,2,54
P030,3,91
P030,4,204
P030,5,164
P030,6,203
P030,7,166
P031,1,0
P031,2,54
P031,3,91
P031,4,164
P031,5,205
P031,6,164
P031,7,207
P031,8,203
P031,9,166
P032,1,0
P032,2,30
P032,3,204
P032,4,119
P032,5,164
P032,6,202
P032,7,166
P033,1,0
P033,2,54
P033,3,204
P033,4,119
P033,5,164
P033,6,166
P034,1,0
P034,2,54
P034,3,91
P034,4,164
P034,5,203
P034,6,166
P035,1,0
P035,2,30
P035,3,91
P035,4,207
P035,5,164
P035,6,202
P035,7,166
P036,1,0
P036,2,10
P036,3,204
P036,4,91
P036,5,207
P036,6,203
P036,7,166
P037,1,0
P037,2,10
P037,3,106
P037,4,204
P037,5,164
P037,6,201
P037,7,166
P038,1,0
P038,2,30
P038,3,204
P038,4,91
P038,5,164
P038,6,205
P038,7,202
P038,8,166
P039,1,0
P039,2,54
P039,3,205
P039,4,119
P039,5,204
P039,6,164
P039,7,166
P040,1,0
P040,2,30
P040,3,204
P040,4,119
P040,5,204
P040,6,164
P040,7,202
P040,8,166
P041,1,0
P041,2,30
P041,3,119
P041,4,164
P041,5,207
P041,6,202
P041,7,166
P042,1,0
P042,2,54
P042,3,206
P042,4,204
P042,5,91
P042,6,204
P042,7,164
P042,8,203
P042,9,166
P043,1,0
P043,2,30
P043,3,91
P043,4,205
P043,5,164
P043,6,202
P043,7,166
P044,1,0
P044,2,10
P044,3,204
P044,4,10
P044,5,106
P044,6,164
P044,7,201
P044,8,166
P045,1,0
P045,2,30
P045,3,204
P045,4,119
P045,5,164
P045,6,207
P045,7,166
P046,1,0
P046,2,30
P046,3,207
P046,4,119
P046,5,204
P046,6,164
P046,7,204
P046,8,164
P046,9,205
P046,10,202
P046,11,166
P047,1,0
P047,2,10
P047,3,206
P047,4,91
P047,5,164
P047,6,201
P047,7,166
P048,1,0
P048,2,30
P048,3,119
P048,4,164
P048,5,166
P049,1,0
P049,2,30
P049,3,204
P049,4,119
P049,5,206
P049,6,164
P049,7,202
P049,8,166
P050,1,0
P050,2,10
P050,3,204
P050,4,106
P050,5,204
P050,6,164
P050,7,166
P051,1,0
P051,2,10
P051,3,204
P051,4,106
P051,5,164
P051,6,201
P051,7,166
P052,1,0
P052,2,30
P052,3,204
P052,4,119
P052,5,206
P052,6,204
P052,7,164
P052,8,202
P052,9,166
P053,1,0
P053,2,10
P053,3,106
P053,4,166
P054,1,0
P054,2,30
P054,3,119
P054,4,204
P054,5,119
P054,6,164
P054,7,202
P054,8,166
P055,1,0
P055,2,10
P055,3,119
P055,4,164
P055,5,207
P055,6,166
P056,1,0
P056,2,30
P056,3,204
P056,4,164
P056,5,206
P056,6,166
P057,1,0
P057,2,30
P057,3,207
P057,4,204
P057,5,119
P057,6,164
P057,7,202
P057,8,166
P058,1,0
P058,2,106
P058,3,164
P058,4,201
P058,5,166
P059,1,0
P059,2,10
P059,3,106
P059,4,204
P059,5,164
P059,6,207
P059,7,166
P060,1,0
P060,2,30
P060,3,204
P060,4,119
P060,5,204
P060,6,164
P060,7,207
P060,8,202
P060,9,166
P061,1,0
P061,2,54
P061,3,204
P061,4,91
P061,5,207
P061,6,164
P061,7,203
P061,8,166
P062,1,0
P062,2,30
P062,3,119
P062,4,204
P062,5,164
P062,6,202
P062,7,166
P063,1,0
P063,2,30
P063,3,91
P063,4,164
P063,5,207
P063,6,202
P063,7,166
P064,1,0
P064,2,10
P064,3,106
P064,4,164
P064,5,166
P065,1,0
P065,2,30
P065,3,207
P065,4,119
P065,5,164
P065,6,166
P066,1,0
P066,2,10
P066,3,204
P066,4,106
P066,5,164
P066,6,201
P066,7,166
P067,1,0
P067,2,10
P067,3,119
P067,4,164
P067,5,166
P068,1,0
P068,2,54
P068,3,119
P068,4,164
P068,5,202
P068,6,166
P069,1,0
P069,2,10
P069,3,106
P069,4,164
P069,5,201
P069,6,166
P070,1,0
P070,2,54
P070,3,91
P070,4,204
P070,5,164
P070,6,201
P070,7,166
P071,1,0
P071,2,54
P071,3,204
P071,4,119
P071,5,164
P071,6,203
P071,7,166
P072,1,0
P072,2,54
P072,3,91
P072,4,164
P072,5,203
P072,6,166
P073,1,0
P073,2,54
P073,3,204
P073,4,119
P073,5,164
P073,6,201
P073,7,166
P074,1,0
P074,2,30
P074,3,106
P074,4,164
P074,5,166
P075,1,0
P075,2,54
P075,3,119
P075,4,164
P075,5,207
P075,6,201
P075,7,166
P076,1,0
P076,2,10
P076,3,106
P076,4,205
P076,5,164
P076,6,201
P076,7,166
P077,1,0
P077,2,30
P077,3,119
P077,4,164
P077,5,166
P078,1,0
P078,2,30
P078,3,119
P078,4,204
P078,5,164
P078,6,166
P079,1,0
P079,2,30
P079,3,206
P079,4,204
P079,5,119
P079,6,204
P079,7,164
P079,8,202
P079,9,166
P080,1,0
P080,2,54
P080,3,204
P080,4,91
P080,5,164
P080,6,166
P081,1,0
P081,2,106
P081,3,164
P081,4,204
P081,5,164
P081,6,201
P081,7,166
P082,1,0
P082,2,91
P082,3,164
P082,4,207
P082,5,202
P082,6,166
P083,1,0
P083,2,54
P083,3,91
P083,4,204
P083,5,91
P083,6,164
P083,7,166
P084,1,0
P084,2,30
P084,3,204
P084,4,119
P084,5,164
P084,6,206
P084,7,202
P084,8,166
P085,1,0
P085,2,10
P085,3,204
P085,4,106
P085,5,204
P085,6,164
P085,7,166
P086,1,0
P086,2,30
P086,3,119
P086,4,204
P086,5,164
P086,6,202
P086,7,166
P087,1,0
P087,2,30
P087,3,206
P087,4,204
P087,5,119
P087,6,164
P087,7,202
P087,8,166
P088,1,0
P088,2,54
P088,3,91
P088,4,164
P088,5,166
P089,1,0
P089,2,10
P089,3,205
P089,4,106
P089,5,164
P089,6,201
P089,7,166
P090,1,0
P090,2,10
P090,3,204
P090,4,91
P090,5,205
P090,6,164
P090,7,201
P090,8,166
P091,1,0
P091,2,54
P091,3,91
P091,4,164
P091,5,203
P091,6,166
P092,1,0
P092,2,10
P092,3,106
P092,4,204
P092,5,164
P092,6,201
P092,7,166
P093,1,0
P093,2,30
P093,3,119
P093,4,164
P093,5,202
P093,6,166
P094,1,0
P094,2,30
P094,3,119
P094,4,205
P094,5,164
P094,6,166
P095,1,0
P095,2,10
P095,3,106
P095,4,204
P095,5,164
P095,6,201
P095,7,166
P096,1,0
P096,2,54
P096,3,204
P096,4,91
P096,5,164
P096,6,203
P096,7,166
P097,1,0
P097,2,54
P097,3,91
P097,4,164
P097,5,203
P097,6,166
P098,1,0
P098,2,54
P098,3,204
P098,4,106
P098,5,204
P098,6,164
P098,7,201
P098,8,166
P099,1,0
P099,2,30
P099,3,106
P099,4,164
P099,5,207
P099,6,166
P100,1,0
P100,2,30
P100,3,119
P100,4,204
P100,5,164
P100,6,202
P100,7,166
P101,1,0
P101,2,30
P101,3,206
P101,4,30
P101,5,91
P101,6,164
P101,7,205
P101,8,202
P101,9,166
P102,1,0
P102,2,10
P102,3,106
P102,4,204
P102,5,164
P102,6,201
P102,7,166
P103,1,0
P103,2,10
P103,3,106
P103,4,204
P103,5,164
P103,6,206
P103,7,201
P103,8,166
P104,1,0
P104,2,10
P104,3,106
P104,4,207
P104,5,164
P104,6,201
P104,7,166
P105,1,0
P105,2,30
P105,3,164
P105,4,166
P106,1,0
P106,2,54
P106,3,91
P106,4,206
P106,5,164
P106,6,203
P106,7,166
P107,1,0
P107,2,10
P107,3,106
P107,4,205
P107,5,164
P107,6,201
P107,7,166
P108,1,0
P108,2,10
P108,3,204
P108,4,106
P108,5,205
P108,6,164
P108,7,205
P108,8,201
P108,9,166
P109,1,0
P109,2,54
P109,3,106
P109,4,207
P109,5,164
P109,6,166
P110,1,0
P110,2,30
P110,3,119
P110,4,164
P110,5,166
P111,1,0
P111,2,10
P111,3,119
P111,4,164
P111,5,205
P111,6,166
P112,1,0
P112,2,10
P112,3,106
P112,4,164
P112,5,205
P112,6,201
P112,7,166
P113,1,0
P113,2,30
P113,3,205
P113,4,119
P113,5,164
P113,6,202
P113,7,166
P114,1,0
P114,2,10
P114,3,204
P114,4,106
P114,5,205
P114,6,164
P114,7,201
P114,8,166
P115,1,0
P115,2,10
P115,3,106
P115,4,205
P115,5,164
P115,6,201
P115,7,166
P116,1,0
P116,2,30
P116,3,204
P116,4,119
P116,5,207
P116,6,164
P116,7,202
P116,8,166
P117,1,0
P117,2,30
P117,3,204
P117,4,119
P117,5,164
P117,6,202
P117,7,166
P118,1,0
P118,2,54
P118,3,204
P118,4,91
P118,5,164
P118,6,203
P118,7,166
P119,1,0
P119,2,30
P119,3,30
P119,4,207
P119,5,119
P119,6,164
P119,7,166
P120,1,0
P120,2,10
P120,3,106
P120,4,164
P120,5,205
P120,6,201
P120,7,166
P121,1,0
P121,2,54
P121,3,91
P121,4,164
P121,5,203
P121,6,166
P122,1,0
P122,2,10
P122,3,207
P122,4,106
P122,5,204
P122,6,164
P122,7,166
P123,1,0
P123,2,54
P123,3,91
P123,4,164
P123,5,202
P123,6,166
P124,1,0
P124,2,30
P124,3,119
P124,4,164
P124,5,202
P124,6,166
P125,1,0
P125,2,10
P125,3,207
P125,4,91
P125,5,164
P125,6,201
P125,7,166
P126,1,0
P126,2,30
P126,3,205
P126,4,119
P126,5,202
P126,6,166
P127,1,0
P127,2,106
P127,3,204
P127,4,164
P127,5,166
P128,1,0
P128,2,10
P128,3,106
P128,4,164
P128,5,204
P128,6,164
P128,7,201
P128,8,166
P129,1,0
P129,2,30
P129,3,106
P129,4,164
P129,5,201
P129,6,166
P130,1,0
P130,2,30
P130,3,204
P130,4,106
P130,5,164
P130,6,201
P130,7,166
P131,1,0
P131,2,30
P131,3,207
P131,4,119
P131,5,164
P131,6,206
P131,7,166
P132,1,0
P132,2,30
P132,3,204
P132,4,91
P132,5,164
P132,6,166
P133,1,0
P133,2,10
P133,3,106
P133,4,164
P133,5,201
P133,6,166
P134,1,0
P134,2,54
P134,3,207
P134,4,204
P134,5,91
P134,6,204
P134,7,164
P134,8,207
P134,9,203
P134,10,166
P135,1,0
P135,2,10
P135,3,106
P135,4,164
P135,5,166
P136,1,0
P136,2,54
P136,3,207
P136,4,119
P136,5,164
P136,6,202
P136,7,166
P137,1,0
P137,2,10
P137,3,205
P137,4,204
P137,5,106
P137,6,164
P137,7,166
P138,1,0
P138,2,54
P138,3,91
P138,4,206
P138,5,164
P138,6,166
P139,1,0
P139,2,10
P139,3,106
P139,4,204
P139,5,164
P139,6,201
P139,7,166
P140,1,0
P140,2,10
P140,3,106
P140,4,164
P140,5,201
P140,6,166
P141,1,0
P141,2,10
P141,3,205
P141,4,10
P141,5,106
P141,6,204
P141,7,164
P141,8,201
P141,9,166
P142,1,0
P142,2,54
P142,3,91
P142,4,204
P142,5,164
P142,6,207
P142,7,166
P143,1,0
P143,2,10
P143,3,119
P143,4,207
P143,5,164
P143,6,206
P143,7,164
P143,8,202
P143,9,166
P144,1,0
P144,2,10
P144,3,164
P144,4,205
P144,5,201
P144,6,166
P145,1,0
P145,2,30
P145,3,119
P145,4,164
P145,5,202
P145,6,166
P146,1,0
P146,2,54
P146,3,206
P146,4,106
P146,5,204
P146,6,164
P146,7,166
P147,1,0
P147,2,10
P147,3,91
P147,4,164
P147,5,207
P147,6,201
P147,7,166
P148,1,0
P148,2,10
P148,3,205
P148,4,91
P148,5,164
P148,6,166
P149,1,0
P149,2,54
P149,3,91
P149,4,206
P149,5,164
P149,6,166
P150,1,0
P150,2,10
P150,3,106
P150,4,204
P150,5,164
P150,6,201
P150,7,166
P151,1,0
P151,2,10
P151,3,204
P151,4,106
P151,5,164
P151,6,201
P151,7,166
P152,1,0
P152,2,30
P152,3,207
P152,4,119
P152,5,164
P152,6,202
P152,7,166
P153,1,0
P153,2,30
P153,3,204
P153,4,119
P153,5,164
P153,6,202
P153,7,166
P154,1,0
P154,2,10
P154,3,207
P154,4,119
P154,5,164
P154,6,201
P154,7,166
P155,1,0
P155,2,10
P155,3,106
P155,4,164
P155,5,166
P156,1,0
P156,2,30
P156,3,204
P156,4,106
P156,5,106
P156,6,205
P156,7,164
P156,8,201
P156,9,166
P157,1,0
P157,2,54
P157,3,119
P157,4,164
P157,5,201
P157,6,166
P158,1,0
P158,2,30
P158,3,119
P158,4,164
P158,5,202
P158,6,166
P159,1,0
P159,2,30
P159,3,206
P159,4,119
P159,5,164
P159,6,206
P159,7,202
P159,8,166
P160,1,0
P160,2,10
P160,3,106
P160,4,164
P160,5,201
P160,6,166
P161,1,0
P161,2,30
P161,3,30
P161,4,206
P161,5,204
P161,6,91
P161,7,164
P161,8,203
P161,9,166
P162,1,0
P162,2,30
P162,3,204
P162,4,119
P162,5,164
P162,6,202
P162,7,166
P163,1,0
P163,2,10
P163,3,204
P163,4,106
P163,5,164
P163,6,201
P163,7,166
P164,1,0
P164,2,10
P164,3,106
P164,4,164
P164,5,206
P164,6,166
P165,1,0
P165,2,54
P165,3,204
P165,4,91
P165,5,164
P165,6,207
P165,7,166
P166,1,0
P166,2,30
P166,3,206
P166,4,119
P166,5,164
P166,6,205
P166,7,202
P166,8,166
P167,1,0
P167,2,30
P167,3,119
P167,4,204
P167,5,164
P167,6,205
P167,7,166
P168,1,0
P168,2,10
P168,3,91
P168,4,201
P168,5,166
P169,1,0
P169,2,106
P169,3,164
P169,4,201
P169,5,166
P170,1,0
P170,2,54
P170,3,164
P170,4,203
P170,5,166
P171,1,0
P171,2,30
P171,3,204
P171,4,119
P171,5,166
P172,1,0
P172,2,10
P172,3,106
P172,4,205
P172,5,106
P172,6,207
P172,7,204
P172,8,164
P172,9,201
P172,10,166
P173,1,0
P173,2,54
P173,3,204
P173,4,91
P173,5,164
P173,6,203
P173,7,166
P174,1,0
P174,2,30
P174,3,119
P174,4,164
P174,5,202
P174,6,166
P175,1,0
P175,2,54
P175,3,54
P175,4,205
P175,5,106
P175,6,166
P176,1,0
P176,2,30
P176,3,119
P176,4,164
P176,5,202
P176,6,166
P177,1,0
P177,2,54
P177,3,204
P177,4,54
P177,5,206
P177,6,91
P177,7,204
P177,8,164
P177,9,202
P177,10,166
P178,1,0
P178,2,30
P178,3,204
P178,4,119
P178,5,164
P178,6,202
P178,7,166
P179,1,0
P179,2,10
P179,3,204
P179,4,106
P179,5,164
P179,6,201
P179,7,166
P180,1,0
P180,2,10
P180,3,204
P180,4,164
P180,5,201
P180,6,166
P181,1,0
P181,2,10
P181,3,207
P181,4,164
P181,5,207
P181,6,201
P181,7,166
P182,1,0
P182,2,10
P182,3,106
P182,4,204
P182,5,164
P182,6,201
P182,7,166
P183,1,0
P183,2,10
P183,3,119
P183,4,164
P183,5,202
P183,6,166
P184,1,0
P184,2,10
P184,3,106
P184,4,164
P184,5,205
P184,6,201
P184,7,166
P185,1,0
P185,2,30
P185,3,91
P185,4,164
P185,5,202
P185,6,166
P186,1,0
P186,2,10
P186,3,119
P186,4,164
P186,5,201
P186,6,166
P187,1,0
P187,2,30
P187,3,119
P187,4,207
P187,5,164
P187,6,166
P188,1,0
P188,2,30
P188,3,119
P188,4,205
P188,5,164
P188,6,202
P188,7,166
P189,1,0
P189,2,30
P189,3,164
P189,4,203
P189,5,166
P190,1,0
P190,2,54
P190,3,204
P190,4,91
P190,5,207
P190,6,164
P190,7,205
P190,8,203
P190,9,166
P191,1,0
P191,2,54
P191,3,204
P191,4,119
P191,5,164
P191,6,202
P191,7,166
P192,1,0
P192,2,30
P192,3,106
P192,4,164
P192,5,204
P192,6,164
P192,7,207
P192,8,201
P192,9,166
P193,1,0
P193,2,30
P193,3,204
P193,4,119
P193,5,207
P193,6,164
P193,7,166
P194,1,0
P194,2,30
P194,3,207
P194,4,91
P194,5,206
P194,6,164
P194,7,202
P194,8,166
P195,1,0
P195,2,10
P195,3,207
P195,4,91
P195,5,204
P195,6,164
P195,7,206
P195,8,166
P196,1,0
P196,2,30
P196,3,91
P196,4,204
P196,5,164
P196,6,202
P196,7,166
P197,1,0
P197,2,10
P197,3,91
P197,4,205
P197,5,164
P197,6,201
P197,7,166
P198,1,0
P198,2,30
P198,3,119
P198,4,164
P198,5,202
P198,6,166
P199,1,0
P199,2,30
P199,3,119
P199,4,204
P199,5,164
P199,6,202
P199,7,166
P200,1,0
P200,2,10
P200,3,204
P200,4,119
P200,5,164
P200,6,166
P201,1,0
P201,2,10
P201,3,106
P201,4,164
P201,5,207
P201,6,201
P201,7,166
P202,1,0
P202,2,30
P202,3,119
P202,4,164
P202,5,202
P202,6,166
P203,1,0
P203,2,54
P203,3,207
P203,4,119
P203,5,207
P203,6,164
P203,7,202
P203,8,166
P204,1,0
P204,2,30
P204,3,119
P204,4,204
P204,5,119
P204,6,164
P204,7,202
P204,8,166
P205,1,0
P205,2,54
P205,3,91
P205,4,207
P205,5,164
P205,6,201
P205,7,166
P206,1,0
P206,2,30
P206,3,164
P206,4,202
P206,5,166
P207,1,0
P207,2,54
P207,3,106
P207,4,204
P207,5,164
P207,6,203
P207,7,166
P208,1,0
P208,2,10
P208,3,106
P208,4,164
P208,5,201
P208,6,166
P209,1,0
P209,2,54
P209,3,204
P209,4,91
P209,5,204
P209,6,91
P209,7,164
P209,8,203
P209,9,166
P210,1,0
P210,2,10
P210,3,204
P210,4,106
P210,5,164
P210,6,166
P211,1,0
P211,2,10
P211,3,106
P211,4,164
P211,5,205
P211,6,201
P211,7,166
P212,1,0
P212,2,30
P212,3,164
P212,4,207
P212,5,202
P212,6,166
P213,1,0
P213,2,30
P213,3,106
P213,4,164
P213,5,202
P213,6,166
P214,1,0
P214,2,30
P214,3,205
P214,4,119
P214,5,205
P214,6,164
P214,7,203
P214,8,166
P215,1,0
P215,2,30
P215,3,119
P215,4,164
P215,5,202
P215,6,166
P216,1,0
P216,2,10
P216,3,119
P216,4,164
P216,5,202
P216,6,166
P217,1,0
P217,2,30
P217,3,119
P217,4,204
P217,5,164
P217,6,202
P217,7,166
P218,1,0
P218,2,54
P218,3,91
P218,4,164
P218,5,207
P218,6,203
P218,7,166
P219,1,0
P219,2,10
P219,3,206
P219,4,106
P219,5,164
P219,6,205
P219,7,201
P219,8,166
P220,1,0
P220,2,10
P220,3,119
P220,4,164
P220,5,204
P220,6,164
P220,7,206
P220,8,201
P220,9,166
P221,1,0
P221,2,10
P221,3,91
P221,4,164
P221,5,201
P221,6,166
P222,1,0
P222,2,54
P222,3,164
P222,4,203
P222,5,166
P223,1,0
P223,2,30
P223,3,119
P223,4,164
P223,5,205
P223,6,202
P223,7,166
P224,1,0
P224,2,30
P224,3,204
P224,4,119
P224,5,204
P224,6,164
P224,7,202
P224,8,166
P225,1,0
P225,2,10
P225,3,204
P225,4,106
P225,5,204
P225,6,164
P225,7,201
P225,8,166
P226,1,0
P226,2,91
P226,3,207
P226,4,164
P226,5,203
P226,6,166
P227,1,0
P227,2,10
P227,3,91
P227,4,164
P227,5,166
P228,1,0
P228,2,10
P228,3,164
P228,4,201
P228,5,166
P229,1,0
P229,2,10
P229,3,207
P229,4,106
P229,5,204
P229,6,164
P229,7,201
P229,8,166
P230,1,0
P230,2,54
P230,3,91
P230,4,164
P230,5,166
P231,1,0
P231,2,54
P231,3,91
P231,4,164
P231,5,203
P231,6,166
P232,1,0
P232,2,10
P232,3,106
P232,4,164
P232,5,201
P232,6,166
P233,1,0
P233,2,30
P233,3,204
P233,4,119
P233,5,164
P233,6,202
P233,7,166
P234,1,0
P234,2,10
P234,3,206
P234,4,106
P234,5,164
P234,6,166
P235,1,0
P235,2,54
P235,3,91
P235,4,164
P235,5,207
P235,6,166
P236,1,0
P236,2,10
P236,3,205
P236,4,10
P236,5,119
P236,6,164
P236,7,202
P236,8,166
P237,1,0
P237,2,54
P237,3,204
P237,4,119
P237,5,164
P237,6,202
P237,7,166
P238,1,0
P238,2,10
P238,3,207
P238,4,204
P238,5,106
P238,6,164
P238,7,201
P238,8,166
P239,1,0
P239,2,30
P239,3,119
P239,4,206
P239,5,164
P239,6,166
P240,1,0
P240,2,30
P240,3,106
P240,4,164
P240,5,205
P240,6,164
P240,7,201
P240,8,166
P241,1,0
P241,2,54
P241,3,205
P241,4,91
P241,5,206
P241,6,164
P241,7,203
P241,8,166
P242,1,0
P242,2,10
P242,3,205
P242,4,10
P242,5,91
P242,6,205
P242,7,164
P242,8,201
P242,9,166
P243,1,0
P243,2,30
P243,3,91
P243,4,164
P243,5,203
P243,6,166
P244,1,0
P244,2,30
P244,3,206
P244,4,106
P244,5,164
P244,6,201
P244,7,166
P245,1,0
P245,2,10
P245,3,106
P245,4,205
P245,5,164
P245,6,201
P245,7,166
P246,1,0
P246,2,30
P246,3,119
P246,4,164
P246,5,166
P247,1,0
P247,2,10
P247,3,106
P247,4,204
P247,5,164
P247,6,201
P247,7,166
P248,1,0
P248,2,10
P248,3,206
P248,4,119
P248,5,164
P248,6,201
P248,7,166
P249,1,0
P249,2,106
P249,3,164
P249,4,201
P249,5,166
P250,1,0
P250,2,10
P250,3,204
P250,4,106
P250,5,207
P250,6,204
P250,7,164
P250,8,166
P251,1,0
P251,2,30
P251,3,204
P251,4,91
P251,5,164
P251,6,203
P251,7,166
P252,1,0
P252,2,30
P252,3,119
P252,4,164
P252,5,203
P252,6,166
P253,1,0
P253,2,30
P253,3,91
P253,4,164
P253,5,202
P253,6,166
P254,1,0
P254,2,10
P254,3,204
P254,4,119
P254,5,164
P254,6,207
P254,7,202
P254,8,166
P255,1,0
P255,2,10
P255,3,204
P255,4,106
P255,5,164
P255,6,201
P255,7,166
P256,1,0
P256,2,10
P256,3,207
P256,4,106
P256,5,164
P256,6,166
P257,1,0
P257,2,10
P257,3,106
P257,4,164
P257,5,166
P258,1,0
P258,2,10
P258,3,119
P258,4,204
P258,5,164
P258,6,201
P258,7,166
P259,1,0
P259,2,30
P259,3,119
P259,4,164
P259,5,166
P260,1,0
P260,2,10
P260,3,106
P260,4,164
P260,5,201
P260,6,166
P261,1,0
P261,2,10
P261,3,106
P261,4,204
P261,5,164
P261,6,201
P261,7,166
P262,1,0
P262,2,30
P262,3,106
P262,4,204
P262,5,164
P262,6,166
P263,1,0
P263,2,10
P263,3,106
P263,4,207
P263,5,164
P263,6,201
P263,7,166
P264,1,0
P264,2,119
P264,3,206
P264,4,119
P264,5,204
P264,6,164
P264,7,166
P265,1,0
P265,2,54
P265,3,106
P265,4,204
P265,5,164
P265,6,203
P265,7,166
P266,1,0
P266,2,30
P266,3,204
P266,4,119
P266,5,164
P266,6,205
P266,7,202
P266,8,166
P267,1,0
P267,2,30
P267,3,91
P267,4,204
P267,5,164
P267,6,202
P267,7,166
P268,1,0
P268,2,54
P268,3,119
P268,4,164
P268,5,202
P268,6,166
P269,1,0
P269,2,10
P269,3,204
P269,4,106
P269,5,106
P269,6,205
P269,7,164
P269,8,205
P269,9,201
P269,10,166
P270,1,0
P270,2,30
P270,3,119
P270,4,164
P270,5,166
P271,1,0
P271,2,30
P271,3,119
P271,4,164
P271,5,166
P272,1,0
P272,2,10
P272,3,207
P272,4,106
P272,5,205
P272,6,204
P272,7,164
P272,8,166
P273,1,0
P273,2,10
P273,3,106
P273,4,166
P274,1,0
P274,2,54
P274,3,106
P274,4,166
P275,1,0
P275,2,10
P275,3,106
P275,4,207
P275,5,164
P275,6,206
P275,7,201
P275,8,166
P276,1,0
P276,2,30
P276,3,119
P276,4,204
P276,5,119
P276,6,164
P276,7,166
P277,1,0
P277,2,10
P277,3,204
P277,4,106
P277,5,204
P277,6,164
P277,7,201
P277,8,166
P278,1,0
P278,2,10
P278,3,119
P278,4,164
P278,5,206
P278,6,201
P278,7,166
P279,1,0
P279,2,30
P279,3,204
P279,4,119
P279,5,164
P279,6,206
P279,7,166
P280,1,0
P280,2,10
P280,3,119
P280,4,164
P280,5,166
P281,1,0
P281,2,10
P281,3,204
P281,4,106
P281,5,164
P281,6,207
P281,7,201
P281,8,166
P282,1,0
P282,2,30
P282,3,119
P282,4,164
P282,5,207
P282,6,202
P282,7,166
P283,1,0
P283,2,30
P283,3,204
P283,4,119
P283,5,164
P283,6,166
P284,1,0
P284,2,54
P284,3,205
P284,4,54
P284,5,164
P284,6,202
P284,7,166
P285,1,0
P285,2,10
P285,3,204
P285,4,106
P285,5,204
P285,6,164
P285,7,201
P285,8,166
P286,1,0
P286,2,10
P286,3,207
P286,4,106
P286,5,164
P286,6,207
P286,7,201
P286,8,166
P287,1,0
P287,2,10
P287,3,204
P287,4,106
P287,5,206
P287,6,164
P287,7,201
P287,8,166
P288,1,0
P288,2,30
P288,3,204
P288,4,119
P288,5,204
P288,6,164
P288,7,202
P288,8,166
P289,1,0
P289,2,54
P289,3,119
P289,4,204
P289,5,164
P289,6,201
P289,7,166
P290,1,0
P290,2,30
P290,3,119
P290,4,164
P290,5,202
P290,6,166
P291,1,0
P291,2,10
P291,3,106
P291,4,164
P291,5,205
P291,6,166
P292,1,0
P292,2,119
P292,3,206
P292,4,164
P292,5,166
P293,1,0
P293,2,10
P293,3,207
P293,4,106
P293,5,164
P293,6,201
P293,7,166
P294,1,0
P294,2,30
P294,3,119
P294,4,164
P294,5,207
P294,6,203
P294,7,166
P295,1,0
P295,2,10
P295,3,106
P295,4,204
P295,5,164
P295,6,206
P295,7,201
P295,8,166
P296,1,0
P296,2,91
P296,3,164
P296,4,166
P297,1,0
P297,2,10
P297,3,204
P297,4,106
P297,5,164
P297,6,201
P297,7,166
P298,1,0
P298,2,10
P298,3,106
P298,4,164
P298,5,201
P298,6,166
P299,1,0
P299,2,30
P299,3,119
P299,4,164
P299,5,204
P299,6,164
P299,7,202
P299,8,166
P300,1,0
P300,2,10
P300,3,106
P300,4,164
P300,5,202
P300,6,166
P301,1,0
P301,2,54
P301,3,91
P301,4,204
P301,5,164
P301,6,204
P301,7,164
P301,8,203
P301,9,166
P302,1,0
P302,2,30
P302,3,204
P302,4,119
P302,5,164
P302,6,202
P302,7,166
P303,1,0
P303,2,30
P303,3,119
P303,4,206
P303,5,119
P303,6,164
P303,7,202
P303,8,166
P304,1,0
P304,2,10
P304,3,91
P304,4,204
P304,5,164
P304,6,201
P304,7,166
P305,1,0
P305,2,10
P305,3,91
P305,4,204
P305,5,164
P305,6,201
P305,7,166
P306,1,0
P306,2,54
P306,3,119
P306,4,204
P306,5,164
P306,6,202
P306,7,166
P307,1,0
P307,2,30
P307,3,204
P307,4,119
P307,5,164
P307,6,202
P307,7,166
P308,1,0
P308,2,30
P308,3,119
P308,4,164
P308,5,207
P308,6,202
P308,7,166
P309,1,0
P309,2,10
P309,3,106
P309,4,164
P309,5,206
P309,6,201
P309,7,166
P310,1,0
P310,2,54
P310,3,119
P310,4,204
P310,5,164
P310,6,202
P310,7,166
P311,1,0
P311,2,30
P311,3,204
P311,4,119
P311,5,164
P311,6,202
P311,7,166
P312,1,0
P312,2,54
P312,3,119
P312,4,164
P312,5,202
P312,6,166
P313,1,0
P313,2,10
P313,3,204
P313,4,106
P313,5,164
P313,6,203
P313,7,166
P314,1,0
P314,2,10
P314,3,204
P314,4,91
P314,5,205
P314,6,164
P314,7,202
P314,8,166
P315,1,0
P315,2,30
P315,3,207
P315,4,204
P315,5,119
P315,6,164
P315,7,201
P315,8,166
P316,1,0
P316,2,30
P316,3,204
P316,4,119
P316,5,164
P316,6,166
P317,1,0
P317,2,10
P317,3,91
P317,4,164
P317,5,201
P317,6,166
P318,1,0
P318,2,54
P318,3,106
P318,4,106
P318,5,207
P318,6,204
P318,7,164
P318,8,201
P318,9,166
P319,1,0
P319,2,30
P319,3,91
P319,4,204
P319,5,164
P319,6,166
P320,1,0
P320,2,119
P320,3,164
P320,4,166
P321,1,0
P321,2,10
P321,3,106
P321,4,164
P321,5,201
P321,6,166
P322,1,0
P322,2,10
P322,3,119
P322,4,207
P322,5,204
P322,6,119
P322,7,164
P322,8,202
P322,9,166
P323,1,0
P323,2,54
P323,3,204
P323,4,119
P323,5,164
P323,6,202
P323,7,166
P324,1,0
P324,2,10
P324,3,164
P324,4,166
P325,1,0
P325,2,10
P325,3,204
P325,4,106
P325,5,201
P325,6,166
P326,1,0
P326,2,10
P326,3,204
P326,4,106
P326,5,164
P326,6,207
P326,7,201
P326,8,166
P327,1,0
P327,2,10
P327,3,91
P327,4,204
P327,5,164
P327,6,203
P327,7,166
P328,1,0
P328,2,10
P328,3,91
P328,4,164
P328,5,205
P328,6,201
P328,7,166
P329,1,0
P329,2,30
P329,3,204
P329,4,119
P329,5,164
P329,6,205
P329,7,166
P330,1,0
P330,2,10
P330,3,106
P330,4,164
P330,5,207
P330,6,166
P331,1,0
P331,2,10
P331,3,207
P331,4,164
P331,5,201
P331,6,166
P332,1,0
P332,2,91
P332,3,164
P332,4,201
P332,5,166
P333,1,0
P333,2,30
P333,3,91
P333,4,164
P333,5,202
P333,6,166
P334,1,0
P334,2,10
P334,3,204
P334,4,106
P334,5,164
P334,6,201
P334,7,166
P335,1,0
P335,2,30
P335,3,204
P335,4,119
P335,5,202
P335,6,166
P336,1,0
P336,2,10
P336,3,91
P336,4,205
P336,5,164
P336,6,202
P336,7,166
P337,1,0
P337,2,54
P337,3,91
P337,4,164
P337,5,166
P338,1,0
P338,2,10
P338,3,106
P338,4,164
P338,5,201
P338,6,166
P339,1,0
P339,2,30
P339,3,205
P339,4,119
P339,5,164
P339,6,202
P339,7,166
P340,1,0
P340,2,10
P340,3,204
P340,4,106
P340,5,164
P340,6,166
P341,1,0
P341,2,30
P341,3,204
P341,4,119
P341,5,164
P341,6,202
P341,7,166
P342,1,0
P342,2,30
P342,3,204
P342,4,119
P342,5,205
P342,6,204
P342,7,164
P342,8,201
P342,9,166
P343,1,0
P343,2,10
P343,3,106
P343,4,164
P343,5,206
P343,6,201
P343,7,166
P344,1,0
P344,2,10
P344,3,91
P344,4,164
P344,5,201
P344,6,166
P345,1,0
P345,2,10
P345,3,207
P345,4,119
P345,5,164
P345,6,166
P346,1,0
P346,2,54
P346,3,91
P346,4,164
P346,5,203
P346,6,166
P347,1,0
P347,2,30
P347,3,91
P347,4,205
P347,5,164
P347,6,205
P347,7,203
P347,8,166
P348,1,0
P348,2,10
P348,3,119
P348,4,164
P348,5,166
P349,1,0
P349,2,30
P349,3,204
P349,4,119
P349,5,202
P349,6,166
P350,1,0
P350,2,30
P350,3,91
P350,4,164
P350,5,203
P350,6,166
P351,1,0
P351,2,54
P351,3,91
P351,4,164
P351,5,203
P351,6,166
P352,1,0
P352,2,10
P352,3,205
P352,4,106
P352,5,207
P352,6,201
P352,7,166
P353,1,0
P353,2,30
P353,3,119
P353,4,164
P353,5,202
P353,6,166
P354,1,0
P354,2,10
P354,3,91
P354,4,164
P354,5,201
P354,6,166
P355,1,0
P355,2,10
P355,3,106
P355,4,164
P355,5,201
P355,6,166
P356,1,0
P356,2,30
P356,3,204
P356,4,106
P356,5,164
P356,6,201
P356,7,166
P357,1,0
P357,2,30
P357,3,204
P357,4,164
P357,5,206
P357,6,202
P357,7,166
P358,1,0
P358,2,30
P358,3,204
P358,4,91
P358,5,204
P358,6,164
P358,7,207
P358,8,166
P359,1,0
P359,2,54
P359,3,205
P359,4,91
P359,5,164
P359,6,203
P359,7,166
P360,1,0
P360,2,54
P360,3,206
P360,4,91
P360,5,206
P360,6,164
P360,7,205
P360,8,201
P360,9,166
P361,1,0
P361,2,10
P361,3,106
P361,4,164
P361,5,207
P361,6,164
P361,7,166
P362,1,0
P362,2,54
P362,3,206
P362,4,203
P362,5,166
P363,1,0
P363,2,30
P363,3,204
P363,4,119
P363,5,205
P363,6,164
P363,7,207
P363,8,202
P363,9,166
P364,1,0
P364,2,30
P364,3,206
P364,4,119
P364,5,164
P364,6,202
P364,7,166
P365,1,0
P365,2,10
P365,3,106
P365,4,207
P365,5,164
P365,6,201
P365,7,166
P366,1,0
P366,2,10
P366,3,106
P366,4,164
P366,5,207
P366,6,201
P366,7,166
P367,1,0
P367,2,10
P367,3,106
P367,4,164
P367,5,201
P367,6,166
P368,1,0
P368,2,119
P368,3,164
P368,4,201
P368,5,166
P369,1,0
P369,2,30
P369,3,119
P369,4,164
P369,5,166
P370,1,0
P370,2,10
P370,3,91
P370,4,164
P370,5,166
P371,1,0
P371,2,30
P371,3,205
P371,4,106
P371,5,204
P371,6,164
P371,7,166
P372,1,0
P372,2,30
P372,3,207
P372,4,119
P372,5,205
P372,6,164
P372,7,207
P372,8,202
P372,9,166
P373,1,0
P373,2,30
P373,3,205
P373,4,204
P373,5,119
P373,6,164
P373,7,205
P373,8,202
P373,9,166
P374,1,0
P374,2,10
P374,3,106
P374,4,204
P374,5,164
P374,6,201
P374,7,166
P375,1,0
P375,2,10
P375,3,106
P375,4,164
P375,5,201
P375,6,166
P376,1,0
P376,2,10
P376,3,106
P376,4,164
P376,5,201
P376,6,166
P377,1,0
P377,2,10
P377,3,119
P377,4,204
P377,5,164
P377,6,201
P377,7,166
P378,1,0
P378,2,54
P378,3,204
P378,4,91
P378,5,204
P378,6,164
P378,7,207
P378,8,204
P378,9,164
P378,10,203
P378,11,166
P379,1,0
P379,2,10
P379,3,106
P379,4,164
P379,5,201
P379,6,166
P380,1,0
P380,2,30
P380,3,206
P380,4,106
P380,5,204
P380,6,164
P380,7,202
P380,8,166
P381,1,0
P381,2,10
P381,3,207
P381,4,10
P381,5,91
P381,6,205
P381,7,164
P381,8,201
P381,9,166
P382,1,0
P382,2,10
P382,3,106
P382,4,207
P382,5,201
P382,6,166
P383,1,0
P383,2,30
P383,3,204
P383,4,119
P383,5,164
P383,6,204
P383,7,164
P383,8,202
P383,9,166
P384,1,0
P384,2,10
P384,3,106
P384,4,164
P384,5,201
P384,6,166
P385,1,0
P385,2,10
P385,3,106
P385,4,204
P385,5,164
P385,6,201
P385,7,166
P386,1,0
P386,2,30
P386,3,164
P386,4,166
P387,1,0
P387,2,10
P387,3,91
P387,4,164
P387,5,166
P388,1,0
P388,2,30
P388,3,106
P388,4,164
P388,5,202
P388,6,166
P389,1,0
P389,2,54
P389,3,204
P389,4,91
P389,5,164
P389,6,204
P389,7,164
P389,8,206
P389,9,203
P389,10,166
P390,1,0
P390,2,30
P390,3,106
P390,4,164
P390,5,201
P390,6,166
P391,1,0
P391,2,10
P391,3,106
P391,4,164
P391,5,207
P391,6,201
P391,7,166
P392,1,0
P392,2,54
P392,3,119
P392,4,164
P392,5,166
P393,1,0
P393,2,10
P393,3,106
P393,4,164
P393,5,201
P393,6,166
P394,1,0
P394,2,10
P394,3,106
P394,4,206
P394,5,164
P394,6,201
P394,7,166
P395,1,0
P395,2,30
P395,3,119
P395,4,164
P395,5,166
P396,1,0
P396,2,10
P396,3,204
P396,4,106
P396,5,204
P396,6,164
P396,7,201
P396,8,166
P397,1,0
P397,2,54
P397,3,91
P397,4,206
P397,5,164
P397,6,203
P397,7,166
P398,1,0
P398,2,30
P398,3,91
P398,4,206
P398,5,164
P398,6,202
P398,7,166
P399,1,0
P399,2,10
P399,3,106
P399,4,164
P399,5,201
P399,6,166
P400,1,0
P400,2,10
P400,3,106
P400,4,164
P400,5,206
P400,6,166
