patient_num,q0,q1,q2,cluster
P006,1.1048198172245683e-06,0.9999988687037226,2.6476460151433463e-08,1
P007,0.9999991609835956,8.278422680726321e-07,1.1174136246680173e-08,0
P008,1.1288981664590646e-06,0.999998546877352,3.242244817137364e-07,1
P023,0.8006601839347981,0.1993398160651938,8.051265688882035e-15,0
P025,4.0728759448790723e-07,0.9999975726538652,2.020058540265456e-06,1
P027,1.5034092612456911e-06,0.999998496590733,5.715327330314397e-15,1
P033,0.1838333406031093,3.7452525292767055e-16,0.8161666593968903,2
P034,5.959712324272648e-07,2.6484446956118854e-08,0.9999993775443208,2
P041,0.999998790301488,1.6315339602566998e-07,1.0465451160165697e-06,0
P045,0.887894330110023,2.6093011800621233e-11,0.1121056698638839,0
P060,0.9999976940254004,3.3348259164454004e-11,2.3059412514181247e-06,0
P062,0.9999977175824832,1.7181265459826467e-11,2.282400335360007e-06,0
P065,0.999998770366903,9.777335877231605e-08,1.131859738303653e-06,0
P067,1.1048198172245683e-06,0.9999988687037226,2.6476460151433463e-08,1
P069,1.050568745722742e-06,0.9999989488075056,6.237484993011284e-10,1
P071,0.0589959437509441,1.3000626368298307e-20,0.9410040562490556,2
P074,0.999999226782854,7.719910567929072e-07,1.2260890856541014e-09,0
P079,0.999998380349725,1.2201143498859295e-11,1.6196380737550406e-06,0
P083,1.118898979367284e-06,9.76659802383158e-10,0.9999988801243608,2
P090,1.5742184541676463e-08,0.8997030120561084,0.1002969722017071,1
P094,0.9999990541661224,8.825917542778035e-07,6.324212337345267e-08,0
P099,0.892776680711524,1.5191861188753686e-07,0.1072231673698639,0
P106,8.875539944582723e-07,6.0539795545877415e-09,0.9999991063920258,2
P122,2.31447320398032e-11,0.999997677431014,2.322545841119948e-06,1
P126,0.999999219683805,4.369066666666669e-13,7.803157579926134e-07,0
P134,1.824287939886021e-07,2.106481941288437e-06,0.9999977110892648,2
P136,0.2416523342360417,2.7520552003777186e-18,0.7583476657639583,2
P137,0.000927539678728,0.999072460321272,3.300647443306834e-31,1
P140,1.050568745722742e-06,0.9999989488075056,6.237484993011284e-10,1
P145,0.9999988023833228,4.472466304587755e-07,7.503700468789016e-07,0
P148,1.5860898336676426e-06,0.6260198801669092,0.373978533743257,1
P151,9.06757394724255e-07,0.9999990919529308,1.28967442660359e-09,1
P153,0.999999051346303,1.795699110113732e-07,7.69083786072205e-07,0
P154,0.2521851474295994,0.7478133653099462,1.487260454327871e-06,1
P159,0.9999982854305488,1.7145690260681137e-06,4.252390843281215e-13,0
P180,3.4217078048873424e-08,0.999999368246548,5.975363740302749e-07,1
P188,0.9999990849964604,7.626815986493523e-07,1.5232194099190014e-07,0
P191,0.2993575243652924,1.5738959134060926e-12,0.7006424756331336,2
P192,0.700526912963187,0.2994702984727545,2.7885640584590653e-06,0
P202,0.9999988023833228,4.472466304587755e-07,7.503700468789016e-07,0
P215,0.9999988023833228,4.472466304587755e-07,7.503700468789016e-07,0
P217,0.9999977175824832,1.7181265459826467e-11,2.282400335360007e-06,0
P220,3.3053800171823365e-06,0.9999808730922756,1.5821527707124136e-05,1
P222,5.606769259366467e-07,1.3256891131134334e-07,0.9999993067541628,2
P223,0.9999986818511328,1.219464445895935e-06,9.868442137443216e-08,0
P226,0.1445209135002093,0.1342782666043073,0.7212008198954833,2
P227,1.963809987242238e-06,0.999998020291277,1.5898735816699685e-08,1
P229,2.197110923066344e-11,0.9999982507343396,1.7492436893955795e-06,1
P232,1.050568745722742e-06,0.9999989488075056,6.237484993011284e-10,1
P233,0.999999051346303,1.795699110113732e-07,7.69083786072205e-07,0
P234,2.49976283735597e-06,0.9999975002279492,9.21355686338101e-12,1
P244,0.7828857023898581,0.2171142974377806,1.7236125513904577e-10,0
P254,0.4648933347010352,0.5351049302440728,1.7350548919464713e-06,1
P255,9.06757394724255e-07,0.9999990919529308,1.28967442660359e-09,1
P256,1.3823158909735432e-06,0.9999986176792448,4.86437707031568e-12,1
P263,2.3114599867307384e-19,0.9999973117344731,2.6882655267886227e-06,1
P267,0.999997987522952,4.731150828779465e-08,1.9651655397992343e-06,0
P269,0.2028954046421138,0.7971045853908252,9.967060952568738e-09,1
P270,0.9999989223337566,5.79836574842671e-07,4.978296683785148e-07,0
P277,2.9568237802847904e-11,0.9999982614721152,1.7384983166651678e-06,1
P284,0.1245697514642366,0.0715951934692719,0.8038350550664916,2
P286,5.068401234107471e-07,0.999999217523246,2.756366304596174e-07,1
P290,0.9999988023833228,4.472466304587755e-07,7.503700468789016e-07,0
P292,0.6415478205317754,0.1305655528732724,0.227886626594952,0
P299,0.9999976938586552,7.095971771319187e-09,2.299045373120282e-06,0
P302,0.999999051346303,1.795699110113732e-07,7.69083786072205e-07,0
P303,0.9999994386760704,5.188070448700776e-07,4.2516884726413085e-08,0
P304,1.4641480610269629e-08,0.9999989714940792,1.013864440268421e-06,1
P317,4.10308183318048e-07,0.9999989107959776,6.788958389846348e-07,1
P318,0.2247571475352966,0.1592034144301305,0.6160394380345727,2
P332,0.2040988936487941,0.5807133698076544,0.2151877365435514,1
P333,0.9999993049640256,1.110959035890878e-08,6.839263840733912e-07,0
P339,0.9999983548157884,9.620933680399493e-12,1.6451745905569969e-06,0
P345,0.3578613744657976,0.6421376759347309,9.495994714793774e-07,1
P361,9.971125695690582e-07,0.9999969333816252,2.069505805105757e-06,1
P366,7.638652117171995e-07,0.9999988670916328,3.6904315541060873e-07,1
P372,0.999999088091349,1.9292102358201446e-07,7.189876274718136e-07,0
P377,5.886780299845221e-09,0.9927239611515712,0.0072760329616485,1
P387,1.963809987242238e-06,0.999998020291277,1.5898735816699685e-08,1
P398,0.999002349275171,1.7941868017543792e-24,0.000997650724829,0
