,0,10,30,54,91,106,119,164,166,201,202,203,204,205,206,207
0,0.0,0.0,0.0,1.0,0.0,0.0,0.0,0.0,0.0,0.0,0.0,0.0,0.0,0.0,0.0,0.0
10,0.0,0.0,0.0,0.0,0.0,0.0,0.0,0.0,0.0,0.0,0.0,0.0,0.0,0.0,0.0,0.0
30,0.0,0.0,0.0,0.0,0.0,0.0,0.0,0.0,0.0,0.0,0.0,0.0,0.0,0.0,0.0,0.0
54,0.0,0.0,0.0,0.0,0.32786885245901637,0.09836065573770492,0.11475409836065574,0.06557377049180328,0.0,0.0,0.0,0.0,0.21311475409836064,0.06557377049180328,0.06557377049180328,0.04918032786885246
91,0.0,0.0,0.0,0.0,0.0,0.0,0.0,0.6060606060606061,0.0,0.0,0.0,0.0,0.24242424242424243,0.0,0.09090909090909091,0.06060606060606061
106,0.0,0.0,0.0,0.0,0.0,0.1111111111111111,0.0,0.1111111111111111,0.1111111111111111,0.0,0.0,0.0,0.4444444444444444,0.0,0.0,0.2222222222222222
119,0.0,0.0,0.0,0.0,0.0,0.0,0.0,0.7142857142857143,0.0,0.0,0.0,0.0,0.21428571428571427,0.0,0.0,0.07142857142857142
164,0.0,0.0,0.0,0.0,0.0,0.0,0.0,0.0,0.13114754098360656,0.11475409836065574,0.21311475409836064,0.3442622950819672,0.03278688524590164,0.04918032786885246,0.03278688524590164,0.08196721311475409
166,0.0,0.0,0.0,0.0,0.0,0.0,0.0,0.0,0.0,0.0,0.0,0.0,0.0,0.0,0.0,0.0
201,0.0,0.0,0.0,0.0,0.0,0.0,0.0,0.0,1.0,0.0,0.0,0.0,0.0,0.0,0.0,0.0
202,0.0,0.0,0.0,0.0,0.0,0.0,0.0,0.0,1.0,0.0,0.0,0.0,0.0,0.0,0.0,0.0
203,0.0,0.0,0.0,0.0,0.0,0.0,0.0,0.0,1.0,0.0,0.0,0.0,0.0,0.0,0.0,0.0
204,0.0,0.0,0.0,0.030303030303030304,0.30303030303030304,0.030303030303030304,0.12121212121212122,0.5151515151515151,0.0,0.0,0.0,0.0,0.0,0.0,0.0,0.0
205,0.0,0.0,0.0,0.14285714285714285,0.2857142857142857,0.0,0.14285714285714285,0.2857142857142857,0.0,0.0,0.0,0.14285714285714285,0.0,0.0,0.0,0.0
206,0.0,0.0,0.0,0.0,0.1111111111111111,0.1111111111111111,0.0,0.3333333333333333,0.1111111111111111,0.0,0.0,0.2222222222222222,0.1111111111111111,0.0,0.0,0.0
207,0.0,0.0,0.0,0.0,0.0,0.0,0.15384615384615385,0.3076923076923077,0.15384615384615385,0.0,0.0,0.23076923076923078,0.15384615384615385,0.0,0.0,0.0
