patient_num,q0,q1,q2
P004,0.0,1.0,0.0
P008,5.895284260759581e-14,0.9999999999999019,3.930189507173054e-14
P016,0.0,0.0,1.0
P017,0.9999999999999898,2.1649348980190553e-15,7.827072323607354e-15
P027,0.0,1.0,1.1102230246251565e-16
P030,8.382183835919932e-15,8.493206138382448e-15,0.9999999999999831
P033,0.17440031037329326,8.629068916638982e-17,0.8255996896267067
P049,1.0,0.0,0.0
P051,5.512257317263902e-14,0.9999999999998943,5.0459636469213365e-14
P061,6.861178292183467e-14,6.517009154549669e-14,0.9999999999998661
P063,0.9999999999999896,8.326672684688674e-15,2.1649348980190553e-15
P067,1.6542323066914832e-14,0.9999999999999716,1.1712852909795402e-14
P071,0.004616430055807355,0.0,0.995383569944195
P073,0.05702555133628576,0.09017198058749042,0.8528024680762238
P075,9.900650335223693e-16,0.3416242895903853,0.6583757104096136
P082,1.0,0.0,1.1102230246251565e-16
P088,2.220446049250313e-16,0.0,1.0
P090,2.6312762947032296e-15,0.8865548492248815,0.11344515077511583
P091,0.0,0.0,1.0
P097,0.0,0.0,1.0
P099,1.0,0.0,0.0
P100,1.0,0.0,0.0
P117,1.0,0.0,2.220446049250313e-16
P131,0.999999999999998,8.881784197001252e-16,9.992007221626409e-16
P135,0.0,1.0,1.1102230246251565e-16
P149,0.0,0.0,1.0
P159,0.9999999999999647,3.9968028886505635e-15,3.1308289294429414e-14
P162,1.0,0.0,2.220446049250313e-16
P168,1.1324274851176597e-14,0.9999999999999805,8.104628079763643e-15
P175,0.0,0.2575718124405761,0.7424281875594251
P178,1.0,0.0,2.220446049250313e-16
P192,0.714983123198684,0.28501687680131604,1.517279277596392e-16
P196,0.9999999999999787,1.2878587085651816e-14,8.604228440844963e-15
P199,1.0,0.0,0.0
P202,0.9999999999999962,9.71445146547012e-15,0.0
P209,1.7208456881689926e-15,0.0,1.0
P212,0.9999999999999645,1.942890293094024e-14,1.609823385706477e-14
P214,0.8339117712161463,0.0,0.1660882287838653
P220,1.0547118733938987e-15,1.0,0.0
P225,4.8627768478581856e-14,0.9999999999999305,2.0816681711721685e-14
P227,8.604228440844963e-15,0.9999999999999849,6.494804694057166e-15
P235,1.7430501486614958e-14,1.709743457922741e-14,0.9999999999999654
P236,0.08894302954425617,0.9110569704557432,7.628312377266961e-16
P244,0.5560605889814231,0.4439394110185765,4.75131103258948e-16
P245,2.609024107869118e-15,0.999999999999998,0.0
P249,2.7755575615628914e-16,0.9999999999999993,3.3306690738754696e-16
P251,0.5821299281436882,3.71521880627589e-15,0.417870071856308
P252,0.7347185622493432,5.626344933132133e-15,0.26528143775065116
P253,1.0,0.0,0.0
P258,0.0,1.0,0.0
P260,0.0,1.0,0.0
P262,0.806978994784277,0.0,0.1930210052157231
P270,0.9999999999999838,7.438494264988549e-15,8.548717289613705e-15
P273,0.0,0.732590757349724,0.26740924265027716
P276,0.9999999999999134,7.144285163462882e-14,1.509903313490213e-14
P281,0.0,1.0,0.0
P283,0.9999999999999785,1.3433698597964394e-14,8.215650382226158e-15
P308,0.9999999999999509,2.142730437526552e-14,2.7644553313166398e-14
P310,0.0,0.0,1.0
P311,1.0,0.0,2.220446049250313e-16
P316,0.9999999999999785,1.3433698597964394e-14,8.215650382226158e-15
P320,0.0,1.0,0.0
P321,0.0,1.0,0.0
P334,5.512257317263902e-14,0.9999999999998943,5.0459636469213365e-14
P337,2.220446049250313e-16,0.0,1.0
P345,0.2358442819057612,0.764155718094238,8.125978018973184e-16
P346,0.0,0.0,1.0
P357,0.9999999999999736,6.938893903907228e-15,1.9373391779708982e-14
P360,2.2080496582454222e-16,0.23059187716382104,0.7694081228361787
P365,0.0,1.0,5.551115123125783e-17
P366,1.8041124150158794e-14,0.9999999999999765,5.495603971894525e-15
P378,0.0,0.0,1.0
P380,0.5652173795757381,2.389012557417285e-16,0.4347826204242618
P381,2.0000667788622195e-13,0.9999999999996396,1.6026069360464135e-13
P383,0.9999999999999951,1.149080830487037e-14,0.0
P392,4.829470157119431e-15,2.275957200481571e-15,0.9999999999999929
P393,0.0,1.0,0.0
P397,0.0,0.0,1.0
P398,1.0,0.0,3.0531133177191805e-15
P400,7.993605777301127e-15,0.9999999999999876,4.3298697960381105e-15
